latitude,longitude,street_name,crime_type,month,year,day,hour,minute
12.83514099098832,80.05007079554298,Chengalpattu-Thiruporur Rd,Vandalism,01,2020,19,23,39
12.829451282636464,80.0398963662851,GST Rd,Assault,09,2020,12,16,22
12.838429890934883,80.04700740569436,Potheri Main Rd,Theft,03,2022,27,0,25
12.83396657155484,80.05106848294682,Thiruvanchery Rd,Assault,04,2020,3,21,39
12.834519731690618,80.04886029545261,Potheri Main Rd,Sexual assault,03,2021,25,1,51
12.832922359064732,80.0444740519097,Potheri Main Rd,Assault,02,2020,26,23,42
12.826228725211076,80.04232173550793,GST Rd,Robbery,02,2020,2,6,9
12.832009954571655,80.0440982308667,Thiruvanchery Rd,Drug-related,01,2021,1,5,18
12.824246994354588,80.032176929041,Potheri Main Rd,Theft,02,2021,17,10,41
12.828188366519685,80.05003872951093,Potheri Main Rd,Vandalism,11,2020,12,16,45
12.826518670014728,80.03994172910636,SRM Main Rd,Vandalism,02,2020,16,18,19
12.839843274244181,80.04618627426672,GST Rd,Vandalism,08,2020,19,7,35
12.829652332288145,80.0349221897338,GST Rd,Assault,05,2020,19,11,31
12.822433008292547,80.04447586915211,SRM Main Rd,Vandalism,01,2022,25,15,16
12.825298301303459,80.03236357607527,Thiruvanchery Rd,Robbery,08,2020,2,14,11
12.829866879963985,80.050195369672,Potheri Main Rd,Drug-related,06,2022,10,6,54
12.834158820727259,80.05115371131322,SRM Main Rd,Sexual assault,03,2022,16,10,35
12.82913913340956,80.03744144451981,Potheri Main Rd,Sexual assault,10,2020,12,15,25
12.837118487224155,80.04538190944355,SRM Main Rd,Assault,04,2021,28,2,42
12.837995206109241,80.04124956097863,Potheri Main Rd,Drug-related,01,2022,23,21,17
12.824091074291923,80.03905215357022,Thiruvanchery Rd,Vandalism,07,2022,8,7,1
12.831076555501564,80.04183471127857,SRM Main Rd,Drug-related,09,2020,16,19,28
12.833526024675898,80.04307453563791,Thiruvanchery Rd,Sexual assault,04,2020,11,22,38
12.829575422762515,80.03970109368551,Potheri Main Rd,Robbery,04,2022,11,14,3
12.830921142187375,80.0382860535465,Potheri Main Rd,Drug-related,01,2020,22,14,19
12.828747897793898,80.04001434065651,Chengalpattu-Thiruporur Rd,Assault,01,2020,11,0,13
12.825494209116565,80.05001966570723,Potheri Main Rd,Sexual assault,12,2021,19,3,27
12.830725937202992,80.04528600953783,Chengalpattu-Thiruporur Rd,Vandalism,11,2020,9,19,46
12.825095201682338,80.04033678197915,Thiruvanchery Rd,Drug-related,08,2021,1,13,22
12.82653448386857,80.03587784944645,Thiruvanchery Rd,Drug-related,10,2021,1,3,31
12.83447669464119,80.05002126021185,Thiruvanchery Rd,Theft,01,2021,21,15,14
12.83575294314143,80.04068989664049,Potheri Main Rd,Drug-related,06,2020,8,18,49
12.829012666461852,80.0400391173083,Thiruvanchery Rd,Sexual assault,09,2020,6,5,24
12.836614368988387,80.04508257125865,Chengalpattu-Thiruporur Rd,Vandalism,03,2020,26,22,7
12.83875072300609,80.03982266370164,Thiruvanchery Rd,Theft,08,2021,28,4,10
12.835713525515757,80.04047488077622,GST Rd,Assault,12,2021,4,3,49
12.83090029733103,80.03156308862181,Chengalpattu-Thiruporur Rd,Assault,08,2020,6,7,50
12.839171220356988,80.03841892530498,Potheri Main Rd,Sexual assault,05,2022,7,21,47
12.836678935194762,80.03378481744843,SRM Main Rd,Theft,04,2020,21,10,43
12.836694745464776,80.05038206693864,SRM Main Rd,Vandalism,06,2022,10,3,28
12.84006070070686,80.05023114456301,Potheri Main Rd,Vandalism,05,2021,13,17,40
12.834681404495782,80.04689150222461,Chengalpattu-Thiruporur Rd,Theft,09,2021,20,2,14
12.831530488650806,80.03617149468863,SRM Main Rd,Assault,07,2022,16,12,59
12.836473653634192,80.04917240544985,SRM Main Rd,Drug-related,07,2020,8,18,1
12.83214530185439,80.04239709042643,Chengalpattu-Thiruporur Rd,Theft,09,2022,24,23,19
12.833682676723317,80.0319701618496,Potheri Main Rd,Robbery,12,2021,9,11,40
12.838580318692461,80.0443586254164,GST Rd,Sexual assault,02,2022,27,0,39
12.821986282738509,80.05119279030463,Thiruvanchery Rd,Theft,06,2020,21,7,10
12.828118757011508,80.04510037282357,GST Rd,Robbery,10,2021,6,11,27
12.832884696380303,80.04259219436979,Chengalpattu-Thiruporur Rd,Theft,10,2022,25,15,59
12.82732248255619,80.03316698835853,SRM Main Rd,Drug-related,09,2022,3,18,2
12.83246525207986,80.03644549544279,SRM Main Rd,Drug-related,11,2021,4,23,4
12.82114669417302,80.04754830841081,SRM Main Rd,Vandalism,07,2020,19,0,9
12.82447277022028,80.03699939925853,Chengalpattu-Thiruporur Rd,Theft,09,2022,26,18,36
12.8393926957578,80.04708202151821,Potheri Main Rd,Theft,10,2022,22,22,4
12.83452634882638,80.05010493772674,Chengalpattu-Thiruporur Rd,Vandalism,05,2022,1,16,1
12.83217338107685,80.03907103570621,Potheri Main Rd,Robbery,05,2022,16,8,12
12.833484831556998,80.04833747847458,Chengalpattu-Thiruporur Rd,Theft,02,2022,4,13,21
12.822790942587897,80.04177074013899,Potheri Main Rd,Robbery,02,2021,8,23,53
12.823053328038332,80.04641685343142,SRM Main Rd,Theft,04,2021,1,10,19
12.835638949018824,80.0331813237562,GST Rd,Theft,10,2020,24,18,42
12.828225191448446,80.04056288758628,SRM Main Rd,Assault,12,2021,9,7,51
12.83339787560696,80.04902370359675,Chengalpattu-Thiruporur Rd,Vandalism,05,2021,4,10,21
12.834056496611781,80.03326860071051,SRM Main Rd,Theft,09,2021,19,22,2
12.830456509111345,80.03617227000075,SRM Main Rd,Sexual assault,07,2022,3,19,24
12.821875283191856,80.05019112712424,Potheri Main Rd,Drug-related,05,2021,21,9,56
12.83290576127796,80.04024962612016,GST Rd,Theft,07,2022,26,6,51
12.830946961218705,80.03827143515342,Chengalpattu-Thiruporur Rd,Robbery,06,2022,12,19,5
12.836195976117645,80.03605035013281,Potheri Main Rd,Drug-related,10,2021,6,3,3
12.835014307082472,80.0339185344121,Chengalpattu-Thiruporur Rd,Sexual assault,08,2021,8,13,15
12.82530075516007,80.0404810971648,GST Rd,Sexual assault,02,2020,5,19,39
12.826654685649016,80.04736656153436,Thiruvanchery Rd,Vandalism,11,2020,20,19,5
12.834564821688055,80.04204890328533,SRM Main Rd,Sexual assault,05,2021,24,16,23
12.83592906149754,80.04989782446022,Potheri Main Rd,Theft,05,2021,19,15,56
12.823451083667512,80.04650671536649,Chengalpattu-Thiruporur Rd,Robbery,03,2021,21,18,20
12.825639568624075,80.03852103221763,SRM Main Rd,Theft,10,2021,27,20,0
12.821882820083786,80.04157841466986,Thiruvanchery Rd,Robbery,10,2022,2,11,49
12.831746218240687,80.03931100325269,SRM Main Rd,Theft,06,2022,26,3,2
12.826609005087553,80.04780973177391,Thiruvanchery Rd,Sexual assault,05,2022,2,20,7
12.830247664466258,80.04850480541596,SRM Main Rd,Robbery,06,2021,20,23,52
12.839208182617654,80.04265704624261,SRM Main Rd,Sexual assault,01,2022,12,5,51
12.826569964689527,80.03564509490226,SRM Main Rd,Robbery,08,2020,20,2,54
12.83939719814062,80.04483755979922,Potheri Main Rd,Robbery,02,2021,27,22,28
12.8237457770028,80.04046875898895,GST Rd,Drug-related,03,2021,22,0,32
12.826294708039386,80.04637763476549,GST Rd,Robbery,01,2021,12,13,40
12.82369776251732,80.03609499679041,SRM Main Rd,Drug-related,06,2022,8,8,29
12.821441084139781,80.05013788271576,Potheri Main Rd,Assault,06,2022,27,5,17
12.827603801102793,80.03622796858548,GST Rd,Robbery,03,2021,16,9,7
12.827189551412623,80.0501897412439,SRM Main Rd,Sexual assault,04,2021,16,0,49
12.832028923466309,80.04209494932306,Chengalpattu-Thiruporur Rd,Assault,09,2020,3,4,39
12.820394895663316,80.04610181173727,Thiruvanchery Rd,Sexual assault,09,2021,19,19,32
12.830220877807974,80.03819215961975,SRM Main Rd,Theft,12,2021,24,12,31
12.827478803979036,80.0413790404865,GST Rd,Drug-related,08,2021,3,12,26
12.834839020918373,80.04160119087946,Thiruvanchery Rd,Drug-related,05,2022,19,9,7
12.82645529452741,80.03371952306313,Chengalpattu-Thiruporur Rd,Theft,07,2022,7,0,25
12.834921164839571,80.03153695769242,SRM Main Rd,Assault,01,2020,13,2,1
12.835170825213927,80.04519826436447,SRM Main Rd,Assault,02,2020,24,7,26
12.824066535342377,80.03292597437641,Potheri Main Rd,Theft,05,2021,13,2,40
12.824726936556518,80.04009591139346,Thiruvanchery Rd,Assault,07,2022,13,14,30
12.830553762763955,80.04515717609347,SRM Main Rd,Vandalism,06,2020,18,15,3
12.831914084079292,80.0415285676606,Chengalpattu-Thiruporur Rd,Theft,12,2020,2,23,47
12.826138919712228,80.04870947416428,GST Rd,Assault,10,2021,10,15,20
12.828638721137681,80.0397183277121,Thiruvanchery Rd,Theft,08,2020,24,18,43
12.836756742431293,80.04688952657028,Chengalpattu-Thiruporur Rd,Theft,09,2020,4,13,15
12.835847364266044,80.05057136715028,Potheri Main Rd,Assault,07,2022,17,11,34
12.824871132632701,80.04521650181741,SRM Main Rd,Assault,11,2021,27,1,22
12.82729590291577,80.03714739535762,SRM Main Rd,Robbery,10,2022,16,5,8
12.831442106107598,80.04078714428927,Chengalpattu-Thiruporur Rd,Robbery,04,2022,28,3,6
12.839404821720414,80.03582111496047,Chengalpattu-Thiruporur Rd,Assault,01,2020,21,4,0
12.821926751481376,80.04069598528157,Potheri Main Rd,Robbery,11,2020,7,21,41
12.837951148418002,80.04213333793945,SRM Main Rd,Assault,09,2021,27,6,59
12.831056524970155,80.03799823168427,Chengalpattu-Thiruporur Rd,Theft,12,2022,2,23,3
12.834712206110186,80.0365271608852,Potheri Main Rd,Theft,08,2022,25,2,19
12.835457495247214,80.03708948744595,GST Rd,Robbery,08,2022,7,19,45
12.835620156940136,80.04277306531868,Chengalpattu-Thiruporur Rd,Theft,09,2020,18,20,56
12.831800793937115,80.0412696987575,Chengalpattu-Thiruporur Rd,Robbery,12,2020,1,1,41
12.834440631671328,80.04625038274229,SRM Main Rd,Vandalism,04,2021,17,9,10
12.822786865334141,80.04572565176171,Potheri Main Rd,Sexual assault,03,2020,26,4,33
12.826893114458647,80.03715910462178,Thiruvanchery Rd,Robbery,12,2021,1,4,4
12.823599305062066,80.03151002518304,Potheri Main Rd,Robbery,03,2021,15,6,43
12.826270631851619,80.0487789353582,GST Rd,Robbery,05,2021,8,5,6
12.832474490361648,80.04144178190354,Thiruvanchery Rd,Sexual assault,12,2020,19,6,22
12.823673729497742,80.03995918980505,Thiruvanchery Rd,Sexual assault,03,2021,23,19,50
12.824687920906152,80.04349341170212,Chengalpattu-Thiruporur Rd,Theft,10,2021,12,10,16
12.821081588525848,80.04096570433714,SRM Main Rd,Theft,09,2020,11,12,50
12.832761172718314,80.04791589828976,Thiruvanchery Rd,Vandalism,06,2022,3,8,51
12.821265260885468,80.05130727959508,Potheri Main Rd,Assault,01,2022,26,10,53
12.839714721008301,80.0333191879669,GST Rd,Robbery,09,2022,21,17,23
12.828638876023337,80.04316962928299,GST Rd,Theft,04,2020,3,0,4
12.824577947115257,80.03968544562024,SRM Main Rd,Theft,03,2022,10,0,36
12.826199120601824,80.03531239584598,Potheri Main Rd,Robbery,12,2021,20,7,4
12.831995965508067,80.03882586161389,Chengalpattu-Thiruporur Rd,Theft,08,2021,24,12,42
12.839167812010063,80.03981361486598,Chengalpattu-Thiruporur Rd,Drug-related,05,2020,25,0,33
12.82311525325092,80.0407854273155,Chengalpattu-Thiruporur Rd,Vandalism,07,2022,25,10,4
12.82280004892114,80.03621365862043,Chengalpattu-Thiruporur Rd,Drug-related,09,2021,21,10,27
12.828009395014266,80.03839040447691,Thiruvanchery Rd,Assault,12,2020,13,1,27
12.831660351554511,80.03559730900812,Chengalpattu-Thiruporur Rd,Theft,04,2021,11,1,52
12.83446585143938,80.03730814558871,Chengalpattu-Thiruporur Rd,Sexual assault,01,2020,3,16,29
12.837383460165011,80.03823196840727,Thiruvanchery Rd,Theft,11,2020,24,17,42
12.824163972631368,80.03960026285166,GST Rd,Assault,06,2022,27,18,10
12.831643380288032,80.04683402172401,Potheri Main Rd,Sexual assault,09,2022,23,15,20
12.839749802484123,80.0454294266338,Thiruvanchery Rd,Theft,11,2022,28,3,41
12.824318767805767,80.03935198719323,Thiruvanchery Rd,Sexual assault,05,2021,18,14,33
12.837028197752595,80.03724785412686,SRM Main Rd,Vandalism,07,2020,7,3,11
12.839146547441365,80.04219493853614,Potheri Main Rd,Drug-related,01,2022,17,17,27
12.83462636734278,80.0362838642253,Chengalpattu-Thiruporur Rd,Drug-related,08,2021,13,10,54
12.826520100212734,80.03304440554554,SRM Main Rd,Vandalism,12,2022,22,5,22
12.831099089294375,80.03583413059344,SRM Main Rd,Assault,08,2021,21,17,34
12.825353820509607,80.04084864741384,SRM Main Rd,Sexual assault,01,2022,20,1,27
12.825327590771614,80.03552616624772,SRM Main Rd,Theft,01,2022,10,21,37
12.829939411690749,80.04373731314018,GST Rd,Sexual assault,08,2022,22,8,0
12.820492226421528,80.04324561155832,SRM Main Rd,Robbery,04,2021,5,14,52
12.829594236776366,80.03887102764378,Chengalpattu-Thiruporur Rd,Theft,08,2020,14,18,46
12.836326900712626,80.03730347075745,Thiruvanchery Rd,Vandalism,06,2021,8,2,19
12.835589975328526,80.04354409885164,Chengalpattu-Thiruporur Rd,Vandalism,08,2020,4,0,28
12.828870760420779,80.04162733043042,GST Rd,Theft,08,2022,1,7,59
12.834346057407917,80.03907372533538,Thiruvanchery Rd,Drug-related,04,2022,22,5,1
12.825014323457056,80.03494905641536,Thiruvanchery Rd,Drug-related,02,2020,21,19,56
12.834148740798282,80.04536979507883,SRM Main Rd,Robbery,08,2022,17,20,45
12.831423815283145,80.04406242397424,Thiruvanchery Rd,Sexual assault,04,2022,13,16,52
12.836333801872803,80.0462007069208,SRM Main Rd,Vandalism,05,2020,24,22,17
12.82146779510452,80.03660041617803,Potheri Main Rd,Robbery,02,2022,3,12,58
12.821800205883955,80.03389097528863,Chengalpattu-Thiruporur Rd,Drug-related,03,2020,12,12,40
12.830533455413278,80.03362256089981,Potheri Main Rd,Drug-related,05,2021,14,21,4
12.82268948533993,80.04240679685294,Potheri Main Rd,Sexual assault,02,2020,14,2,37
12.823871297465102,80.04880162283754,SRM Main Rd,Drug-related,01,2020,16,6,10
12.828733867604262,80.03487777706913,Potheri Main Rd,Assault,09,2021,3,15,40
12.825609048784521,80.03591840903277,GST Rd,Drug-related,07,2021,27,0,41
12.822236876632395,80.0345314986699,Thiruvanchery Rd,Vandalism,09,2020,2,8,17
12.823870185476249,80.03484554678845,GST Rd,Assault,05,2021,7,16,23
12.832226766723744,80.04276235466475,GST Rd,Robbery,01,2021,7,5,29
12.826629484580579,80.0403049945412,Chengalpattu-Thiruporur Rd,Drug-related,09,2020,7,13,46
12.83376825358018,80.04737021354809,SRM Main Rd,Robbery,10,2022,8,12,56
12.824784860323504,80.04682879749899,Thiruvanchery Rd,Drug-related,07,2022,27,11,24
12.824468545613907,80.04021035274037,SRM Main Rd,Theft,01,2022,1,17,36
12.829746520684914,80.04528456669748,Chengalpattu-Thiruporur Rd,Sexual assault,01,2022,11,14,13
12.821287391873014,80.03749633002262,SRM Main Rd,Robbery,11,2020,1,6,55
12.82041821200555,80.03705043936867,GST Rd,Robbery,09,2020,12,8,18
12.836160548734442,80.04689942765565,GST Rd,Robbery,04,2020,19,7,2
12.835113627985605,80.03646122286527,Potheri Main Rd,Sexual assault,04,2020,25,9,42
12.821995330692362,80.05056968202574,SRM Main Rd,Vandalism,03,2022,14,8,10
12.820722671845513,80.04786586700524,Chengalpattu-Thiruporur Rd,Vandalism,08,2022,3,4,55
12.823223741588107,80.04672708438171,Chengalpattu-Thiruporur Rd,Sexual assault,11,2022,27,1,58
12.837377296996905,80.04928994997687,Chengalpattu-Thiruporur Rd,Sexual assault,02,2021,20,16,39
12.83759740026965,80.03725644063023,SRM Main Rd,Assault,02,2020,12,2,41
12.82281604915871,80.03744290042971,Potheri Main Rd,Assault,06,2022,25,10,33
12.828934809505196,80.0424300460037,SRM Main Rd,Assault,07,2020,23,1,48
12.826846845298395,80.04030408879635,GST Rd,Drug-related,07,2021,17,2,14
12.829007097727354,80.04457313908674,Potheri Main Rd,Assault,03,2021,11,7,8
12.839450963546383,80.04971388478297,GST Rd,Robbery,01,2021,17,9,19
12.838030174118575,80.0485829211432,SRM Main Rd,Vandalism,11,2021,21,7,18
12.822893228778755,80.04423367206975,Chengalpattu-Thiruporur Rd,Robbery,03,2021,6,1,57
12.824293394608437,80.04380410599278,Chengalpattu-Thiruporur Rd,Vandalism,08,2021,24,1,35
12.82433367763025,80.04953642385259,Potheri Main Rd,Sexual assault,11,2021,9,8,37
12.822646504405434,80.03713762872107,Thiruvanchery Rd,Theft,05,2020,9,11,34
12.825461590906095,80.03384053240677,Chengalpattu-Thiruporur Rd,Drug-related,05,2021,9,11,58
12.833319527168662,80.04374743245467,Potheri Main Rd,Sexual assault,10,2020,13,0,37
12.827275760473846,80.03723200296739,GST Rd,Assault,05,2020,18,16,26
12.831308511817909,80.03751746066223,GST Rd,Robbery,10,2021,2,3,51
12.833493988297993,80.03844100554787,Potheri Main Rd,Robbery,01,2020,25,14,21
12.82516366049106,80.04659562210745,Thiruvanchery Rd,Assault,05,2022,27,22,11
12.824476888896273,80.038832148212,Potheri Main Rd,Vandalism,08,2020,2,18,58
12.839799631189617,80.04379215825918,Thiruvanchery Rd,Drug-related,04,2020,27,18,6
12.82575126503821,80.0505112071697,GST Rd,Theft,09,2021,24,20,7
12.836818189663765,80.05130750097395,Thiruvanchery Rd,Vandalism,02,2022,19,12,21
12.835506888995928,80.04826423282165,Thiruvanchery Rd,Robbery,07,2021,13,13,10
12.830016180954402,80.03846493844547,Thiruvanchery Rd,Theft,07,2021,15,7,39
12.837155520366862,80.04113886717207,GST Rd,Drug-related,02,2020,16,11,15
12.83199674396575,80.03620694835247,Chengalpattu-Thiruporur Rd,Vandalism,02,2021,4,5,6
12.83228108416249,80.04453598140691,Potheri Main Rd,Assault,02,2022,17,14,19
12.839435688769314,80.0342139636053,SRM Main Rd,Assault,03,2021,12,6,24
12.837510607051186,80.03729630579977,Thiruvanchery Rd,Theft,10,2021,21,11,19
12.824842583404617,80.04699496923467,SRM Main Rd,Drug-related,11,2022,18,3,26
12.836308858689844,80.05068452864181,Potheri Main Rd,Robbery,09,2022,4,4,24
12.826113421033002,80.04857450267511,SRM Main Rd,Robbery,10,2022,3,16,35
12.839827033605598,80.04860825383712,Thiruvanchery Rd,Theft,08,2022,1,9,45
12.837950498582883,80.04196040814216,Chengalpattu-Thiruporur Rd,Theft,07,2020,28,16,49
12.832652979569978,80.03421702618026,GST Rd,Robbery,10,2020,7,10,16
12.822701598485533,80.04736670312438,Potheri Main Rd,Sexual assault,04,2021,27,4,0
12.832634737617015,80.04710060483663,Potheri Main Rd,Sexual assault,06,2021,16,22,27
12.832964752450485,80.05125713226342,Thiruvanchery Rd,Robbery,07,2021,21,19,9
12.824525127669173,80.03465531148068,Potheri Main Rd,Robbery,04,2021,10,3,57
12.820300060210881,80.046774451002,Thiruvanchery Rd,Theft,01,2022,27,16,8
12.82511518541901,80.0386813264497,Chengalpattu-Thiruporur Rd,Drug-related,07,2021,20,14,34
12.834867684076514,80.04386655365853,Thiruvanchery Rd,Robbery,02,2022,22,6,59
12.824658130638364,80.03792961756479,SRM Main Rd,Sexual assault,10,2022,9,2,29
12.8252044059597,80.0391584276125,Thiruvanchery Rd,Assault,03,2020,7,15,22
12.825506273053481,80.05065113498738,SRM Main Rd,Vandalism,01,2021,27,20,6
12.823027582690568,80.03760305422162,SRM Main Rd,Assault,05,2022,28,12,25
12.830795816003045,80.04807691154376,Thiruvanchery Rd,Drug-related,02,2022,27,12,14
12.831486579219664,80.04237323214058,SRM Main Rd,Vandalism,01,2020,14,3,55
12.82429665507918,80.04323051164445,Thiruvanchery Rd,Sexual assault,08,2020,8,23,48
12.8210475509686,80.04785518347067,GST Rd,Assault,07,2022,22,3,41
12.828909465322246,80.03520052533206,Chengalpattu-Thiruporur Rd,Robbery,08,2021,8,5,10
12.838730594698056,80.03868480597802,Chengalpattu-Thiruporur Rd,Vandalism,10,2020,3,0,24
12.838096049797656,80.0461523121259,Thiruvanchery Rd,Sexual assault,10,2022,7,22,52
12.820332491767239,80.04952580077288,Thiruvanchery Rd,Vandalism,05,2022,3,8,57
12.826313410049343,80.03409277419526,GST Rd,Drug-related,11,2020,26,21,44
12.82388098014174,80.04021714115636,GST Rd,Theft,07,2020,12,2,21
12.822683460765964,80.0323904017727,Chengalpattu-Thiruporur Rd,Theft,03,2020,26,7,9
12.827532533032459,80.0443510010971,Thiruvanchery Rd,Assault,06,2021,12,18,59
12.834462412340704,80.05055518881966,SRM Main Rd,Theft,04,2020,3,6,12
12.83861604218838,80.04798871101897,Chengalpattu-Thiruporur Rd,Sexual assault,03,2022,16,23,53
12.828787953124186,80.04445814536786,Thiruvanchery Rd,Drug-related,01,2022,11,11,50
12.831596015017492,80.05129421125075,Thiruvanchery Rd,Theft,06,2021,6,2,7
12.834122905343659,80.04723241274613,Chengalpattu-Thiruporur Rd,Theft,02,2022,22,14,3
12.823952582335664,80.03266244737077,SRM Main Rd,Robbery,08,2020,28,0,59
12.839766677455637,80.04892447875577,GST Rd,Theft,02,2021,13,5,56
12.820998020510753,80.04212482526626,Chengalpattu-Thiruporur Rd,Sexual assault,09,2020,10,13,44
12.825418758264036,80.03906080820856,Potheri Main Rd,Theft,03,2021,9,19,57
12.83042411670597,80.04456306148032,Chengalpattu-Thiruporur Rd,Robbery,05,2021,17,18,25
12.838294482283798,80.04859811407422,Chengalpattu-Thiruporur Rd,Theft,07,2022,2,12,3
12.821156617092985,80.04311569773037,Thiruvanchery Rd,Robbery,07,2021,27,18,47
12.8275112984108,80.04516575475961,SRM Main Rd,Sexual assault,05,2022,21,7,9
12.835261436723181,80.03693963877784,Thiruvanchery Rd,Assault,02,2021,15,12,5
12.834061570718667,80.04854028069589,Chengalpattu-Thiruporur Rd,Assault,06,2022,25,18,8
12.833506585282116,80.03950856192274,Potheri Main Rd,Assault,04,2022,10,22,29
12.83846787050233,80.04456239479754,Thiruvanchery Rd,Vandalism,09,2021,6,0,34
12.83347346712437,80.04700223143587,Chengalpattu-Thiruporur Rd,Vandalism,11,2021,8,0,19
12.838561533660913,80.0419483823542,GST Rd,Sexual assault,12,2020,8,19,36
12.834636972001121,80.03540274276074,Potheri Main Rd,Vandalism,12,2022,9,20,34
12.832270283397577,80.04866806190319,SRM Main Rd,Theft,11,2022,26,11,29
12.826016653718307,80.03213214060942,GST Rd,Sexual assault,03,2021,7,2,28
12.830342253453914,80.03765416520444,Chengalpattu-Thiruporur Rd,Vandalism,08,2021,10,5,55
12.836260721192074,80.04281265742192,Chengalpattu-Thiruporur Rd,Theft,09,2020,16,4,26
12.821102281574674,80.04469265487644,Thiruvanchery Rd,Drug-related,02,2022,12,4,53
12.82950161760988,80.0386975478442,Potheri Main Rd,Robbery,01,2022,23,4,37
12.834531286705065,80.05029989231105,Chengalpattu-Thiruporur Rd,Sexual assault,05,2022,4,3,55
12.82610614959301,80.04243208081755,Thiruvanchery Rd,Sexual assault,07,2022,13,17,21
12.82208571323615,80.04353073839343,Thiruvanchery Rd,Theft,02,2021,7,10,39
12.833891171775402,80.03438493824686,SRM Main Rd,Robbery,12,2022,11,14,15
12.834247901001921,80.03831423661933,GST Rd,Sexual assault,01,2021,16,17,11
12.820588064228067,80.03541117943355,Thiruvanchery Rd,Assault,01,2021,18,20,52
12.839357136189516,80.03819236067615,SRM Main Rd,Assault,05,2020,28,9,0
12.822097307937753,80.03865720456625,Chengalpattu-Thiruporur Rd,Sexual assault,11,2020,24,8,49
12.825041035644185,80.04604168561609,GST Rd,Robbery,10,2021,20,8,7
12.829102820269986,80.04486763273492,GST Rd,Assault,09,2022,7,18,38
12.824966572323062,80.03342873686125,Thiruvanchery Rd,Robbery,10,2020,6,18,23
12.821705396108296,80.04572924044358,GST Rd,Vandalism,02,2021,8,11,3
12.831713587708961,80.0434684303703,Thiruvanchery Rd,Assault,05,2020,20,19,48
12.82048823143468,80.04574837347417,Chengalpattu-Thiruporur Rd,Drug-related,02,2022,22,6,0
12.837889695862962,80.03329342464092,Chengalpattu-Thiruporur Rd,Robbery,12,2022,13,11,0
12.821496227178176,80.04457027177106,SRM Main Rd,Drug-related,11,2021,10,7,16
12.830280978383596,80.03211424723219,GST Rd,Sexual assault,01,2022,17,5,39
12.831234570891171,80.03547913614894,Potheri Main Rd,Sexual assault,02,2021,5,11,22
12.83949462820947,80.04832259566027,Chengalpattu-Thiruporur Rd,Assault,06,2021,17,21,10
12.838776928033612,80.04309145238263,GST Rd,Vandalism,05,2022,2,4,12
12.835706044690925,80.045216071193,SRM Main Rd,Vandalism,11,2020,14,7,30
12.835915229164303,80.0447887503708,Thiruvanchery Rd,Sexual assault,05,2022,17,21,21
12.836513579353637,80.0488337417372,Thiruvanchery Rd,Robbery,02,2022,22,4,9
12.839552291033936,80.04596697400582,Chengalpattu-Thiruporur Rd,Assault,01,2022,27,18,29
12.826982847925498,80.0382218412453,Chengalpattu-Thiruporur Rd,Sexual assault,02,2021,1,18,45
12.83907558184024,80.03528750791156,Potheri Main Rd,Theft,09,2021,11,7,43
12.827810837338545,80.03760216165912,SRM Main Rd,Robbery,07,2022,17,2,27
12.839218676545599,80.03671357999505,Potheri Main Rd,Sexual assault,10,2020,1,23,16
12.821204455336952,80.04122600822723,Thiruvanchery Rd,Vandalism,03,2022,4,14,16
12.835742336529586,80.03747446061878,Chengalpattu-Thiruporur Rd,Drug-related,07,2020,24,9,24
12.830250681445017,80.04665934784134,Chengalpattu-Thiruporur Rd,Sexual assault,06,2022,16,23,5
12.82870003368826,80.04629907058806,Thiruvanchery Rd,Drug-related,02,2020,25,16,14
12.838634443248315,80.04434891415538,SRM Main Rd,Sexual assault,08,2022,19,18,42
12.840054580928404,80.04073737316197,Thiruvanchery Rd,Drug-related,08,2020,22,4,42
12.833611064863877,80.03630067213868,Chengalpattu-Thiruporur Rd,Robbery,07,2021,3,20,59
12.830094851810232,80.04553814869087,GST Rd,Vandalism,06,2021,17,1,44
12.837359367630567,80.04320725979869,GST Rd,Theft,03,2021,10,12,22
12.83950331950565,80.04437190924881,GST Rd,Sexual assault,07,2021,1,20,24
12.8225417284738,80.04131208822777,GST Rd,Assault,10,2021,17,13,28
12.822152403585488,80.04477728291918,Thiruvanchery Rd,Sexual assault,04,2021,26,19,29
12.824113043701143,80.04024753686916,Thiruvanchery Rd,Sexual assault,01,2020,6,8,31
12.830658407897474,80.03812828078463,Potheri Main Rd,Drug-related,10,2021,13,23,1
12.838481855678705,80.0347262998185,GST Rd,Drug-related,11,2022,23,1,15
12.839090820516029,80.04207025747507,Thiruvanchery Rd,Drug-related,04,2020,1,4,49
12.831212080933659,80.05103705738905,Thiruvanchery Rd,Theft,10,2020,8,9,34
12.827040722034612,80.04214589038283,SRM Main Rd,Sexual assault,02,2020,20,12,6
12.839880916855044,80.04608662932092,Thiruvanchery Rd,Sexual assault,10,2022,16,0,20
12.820934286191997,80.0382048045619,SRM Main Rd,Robbery,06,2020,7,9,19
12.825246832038998,80.04788028157127,Potheri Main Rd,Drug-related,09,2022,18,10,48
12.828824035433005,80.04092001343093,SRM Main Rd,Assault,09,2021,6,23,56
12.82035424839589,80.04910622641319,GST Rd,Robbery,08,2021,21,8,17
12.82400314783838,80.03586939782667,GST Rd,Sexual assault,08,2021,17,13,23
12.838867019803095,80.04124220897239,Thiruvanchery Rd,Assault,11,2022,15,10,40
12.82289116895075,80.03695660765692,Potheri Main Rd,Theft,01,2020,16,8,13
12.826789230027307,80.03569116616957,SRM Main Rd,Drug-related,02,2020,19,16,21
12.835070481319145,80.03528220201967,Thiruvanchery Rd,Robbery,05,2022,26,19,37
12.821038065411024,80.05075769184464,SRM Main Rd,Drug-related,09,2021,10,3,31
12.836843320250651,80.04385216620507,Chengalpattu-Thiruporur Rd,Vandalism,09,2020,21,11,54
12.82447658927934,80.0455929864024,Potheri Main Rd,Robbery,07,2022,8,15,38
12.831250777351052,80.04983283545741,Chengalpattu-Thiruporur Rd,Sexual assault,04,2022,8,19,55
12.83162623507291,80.03919283076706,Thiruvanchery Rd,Drug-related,03,2021,4,16,2
12.836523777926393,80.04383240773726,Potheri Main Rd,Vandalism,11,2021,17,10,55
12.82863643156242,80.04620744995319,SRM Main Rd,Assault,11,2022,22,13,46
12.821656603197516,80.03272780387726,Potheri Main Rd,Drug-related,04,2021,13,22,12
12.823045686141793,80.041114642511,GST Rd,Theft,07,2020,12,7,2
12.82052436934878,80.03450668125473,GST Rd,Sexual assault,09,2022,23,2,10
12.835929905821862,80.04501532559473,GST Rd,Vandalism,04,2021,1,20,17
12.836665147883737,80.0447782679593,SRM Main Rd,Sexual assault,03,2020,15,6,15
12.823887104686966,80.03318740928209,Thiruvanchery Rd,Robbery,12,2022,15,6,0
12.839805204835967,80.04481998420653,SRM Main Rd,Drug-related,09,2020,20,5,58
12.821958526576292,80.04767847203736,GST Rd,Sexual assault,04,2021,18,15,9
12.82188624964768,80.04856448846859,Potheri Main Rd,Theft,10,2022,4,0,14
12.829409355424264,80.0500199293876,Chengalpattu-Thiruporur Rd,Drug-related,05,2020,13,23,48
12.835716206679013,80.0351355258822,GST Rd,Theft,02,2021,17,11,18
12.835389911682512,80.04123078945454,SRM Main Rd,Theft,01,2020,24,15,0
12.824334712702203,80.03921640891585,Potheri Main Rd,Sexual assault,04,2022,23,22,9
12.835668330139011,80.03682475721543,SRM Main Rd,Drug-related,04,2022,6,18,37
12.838881150031446,80.04376891915454,SRM Main Rd,Sexual assault,09,2022,24,0,28
12.82043055928768,80.04983115016053,Chengalpattu-Thiruporur Rd,Robbery,02,2020,20,4,18
12.83868072649208,80.03642644317235,Thiruvanchery Rd,Theft,08,2020,28,14,16
12.829980099616023,80.0417979652702,GST Rd,Theft,01,2020,25,19,0
12.838581960643692,80.04060490391247,Chengalpattu-Thiruporur Rd,Theft,11,2021,3,10,51
12.833416103879925,80.04973502076703,Potheri Main Rd,Sexual assault,01,2020,7,18,51
12.834005054861809,80.04946606690415,Thiruvanchery Rd,Theft,01,2021,27,19,21
12.82945160460794,80.03307130346647,GST Rd,Sexual assault,06,2022,28,5,13
12.826120533169016,80.033812905362,Potheri Main Rd,Assault,06,2021,7,10,0
12.825785648302668,80.04260895897663,Potheri Main Rd,Assault,06,2021,8,5,57
12.838563660774577,80.03410696999785,Chengalpattu-Thiruporur Rd,Theft,01,2022,25,13,2
12.828400880951337,80.03493845260431,SRM Main Rd,Sexual assault,08,2020,3,22,39
12.84019117407052,80.03792750707896,Potheri Main Rd,Drug-related,01,2022,2,17,33
12.821848292256483,80.0381442404803,GST Rd,Robbery,12,2020,7,20,11
12.826438287877313,80.03965092130882,Chengalpattu-Thiruporur Rd,Vandalism,08,2020,5,0,22
12.824306412901423,80.04384145196089,Potheri Main Rd,Assault,10,2020,7,19,58
12.829624608431086,80.0368245048131,Chengalpattu-Thiruporur Rd,Vandalism,02,2021,25,14,45
12.832286439448268,80.04599782405955,SRM Main Rd,Assault,01,2021,23,0,54
12.836122015253144,80.03679712862953,GST Rd,Assault,02,2021,19,6,43
12.830217488292686,80.0471558602406,Thiruvanchery Rd,Assault,06,2022,6,1,13
12.838939661149027,80.03660462197772,Potheri Main Rd,Vandalism,07,2020,6,23,39
12.834246245674576,80.0433385956797,Potheri Main Rd,Vandalism,08,2022,9,14,35
12.822417037486032,80.0436271580902,Thiruvanchery Rd,Theft,12,2021,24,3,21
12.821653252213018,80.04716856139729,Thiruvanchery Rd,Drug-related,12,2021,28,7,28
12.839150525551005,80.03294609591705,GST Rd,Vandalism,11,2021,22,17,44
12.839740992943483,80.04357240648514,Potheri Main Rd,Theft,07,2021,17,4,38
12.823199120263654,80.03364632252344,Potheri Main Rd,Vandalism,10,2021,9,8,49
12.837017399825923,80.03918564072977,GST Rd,Assault,06,2020,19,6,41
12.83274706734844,80.0441223238687,Thiruvanchery Rd,Vandalism,09,2022,13,11,30
12.838010728029335,80.04150678273682,Potheri Main Rd,Drug-related,10,2021,27,8,6
12.826206566287622,80.04035919376442,Thiruvanchery Rd,Assault,04,2022,8,9,14
12.836091097965921,80.03773070159521,Potheri Main Rd,Assault,07,2020,18,8,33
12.82302459929454,80.04446223462502,Potheri Main Rd,Assault,04,2020,27,11,28
12.822798335978014,80.03234206315639,Thiruvanchery Rd,Sexual assault,11,2021,26,23,27
12.836869311804064,80.04004654888864,Chengalpattu-Thiruporur Rd,Assault,01,2021,19,1,34
12.839129050784772,80.0440343039416,GST Rd,Sexual assault,06,2021,10,8,26
12.8359961758164,80.04060164675259,SRM Main Rd,Theft,06,2021,10,22,47
12.833123928876931,80.03652619483807,Potheri Main Rd,Robbery,09,2021,26,12,47
12.83500694814523,80.03756682173604,Potheri Main Rd,Sexual assault,04,2022,6,16,31
12.83425389785864,80.04664046263717,SRM Main Rd,Drug-related,05,2022,6,5,45
12.821354545258385,80.03613777576219,Thiruvanchery Rd,Drug-related,02,2020,5,9,19
12.824669494349902,80.04523759322643,Chengalpattu-Thiruporur Rd,Robbery,12,2022,18,20,19
12.829793762819948,80.04058187375075,GST Rd,Assault,10,2022,22,7,52
12.83641438939347,80.0356469530578,Potheri Main Rd,Assault,09,2022,28,14,4
12.826208362560333,80.03289828960813,Chengalpattu-Thiruporur Rd,Assault,02,2021,9,1,28
12.835004440196272,80.04391062130952,Thiruvanchery Rd,Sexual assault,10,2021,25,11,29
12.834811619670926,80.04841771361471,Potheri Main Rd,Sexual assault,12,2020,6,2,11
12.82953350420276,80.04996075476313,SRM Main Rd,Assault,03,2020,6,10,58
12.825414749297654,80.03393471252436,SRM Main Rd,Assault,10,2020,9,18,46
12.827142798541658,80.04153759685506,GST Rd,Assault,09,2021,13,23,37
12.822710951706933,80.04032944807938,Thiruvanchery Rd,Sexual assault,10,2021,27,7,41
12.83989212312512,80.03538411909688,Chengalpattu-Thiruporur Rd,Assault,09,2021,25,2,32
12.824360590035417,80.04111004405183,Thiruvanchery Rd,Vandalism,12,2022,16,4,58
12.828917259246623,80.03914446185912,GST Rd,Theft,03,2020,21,23,51
12.834530605726506,80.04600049856828,SRM Main Rd,Drug-related,08,2022,22,22,17
12.827152681433963,80.0452908882642,Potheri Main Rd,Drug-related,09,2020,12,9,0
12.825870464116361,80.03151674131588,SRM Main Rd,Vandalism,08,2021,14,13,24
12.821057711134914,80.04599689963821,Thiruvanchery Rd,Assault,12,2020,9,6,27
12.832791210429388,80.0459868855533,GST Rd,Drug-related,04,2020,6,9,40
12.821120260153853,80.04696484387087,Potheri Main Rd,Assault,08,2020,13,22,42
12.839099814560072,80.04711696099473,Potheri Main Rd,Drug-related,06,2021,15,7,0
12.825596475840575,80.03293434732487,Potheri Main Rd,Robbery,12,2022,9,5,15
12.826214452690442,80.04234764896522,SRM Main Rd,Robbery,05,2020,15,12,11
12.837308884213632,80.0422769118555,SRM Main Rd,Vandalism,03,2021,4,23,28
12.821996859075398,80.03911832002392,GST Rd,Vandalism,05,2021,22,23,50
12.831768668594513,80.03979255764504,Thiruvanchery Rd,Robbery,07,2022,3,2,31
12.8380100536448,80.03352389514428,SRM Main Rd,Vandalism,06,2022,13,17,10
12.829798099728514,80.0437007295723,Thiruvanchery Rd,Drug-related,10,2020,9,5,19
12.836196126720951,80.05033105305667,SRM Main Rd,Drug-related,02,2020,23,7,20
12.83559041681346,80.03789987375757,SRM Main Rd,Robbery,01,2022,15,18,2
12.826739749668793,80.03324372992081,Thiruvanchery Rd,Drug-related,02,2021,24,5,12
12.828229240487593,80.04382815659311,SRM Main Rd,Robbery,10,2020,3,14,44
12.827015654789404,80.04705182744566,Potheri Main Rd,Assault,02,2020,14,6,0
12.839155232925094,80.03315069764774,GST Rd,Assault,04,2021,23,18,12
12.824152074105104,80.04270551238962,Chengalpattu-Thiruporur Rd,Robbery,08,2020,14,22,19
12.824145237500103,80.03448041678782,GST Rd,Sexual assault,01,2020,12,0,21
12.83601372286185,80.04325326998259,GST Rd,Robbery,01,2022,1,9,46
12.823670180799342,80.04307707125066,GST Rd,Sexual assault,05,2022,20,6,22
12.83213801655862,80.03277395429066,SRM Main Rd,Drug-related,07,2022,18,3,37
12.836714960439712,80.04450483777448,GST Rd,Vandalism,09,2020,27,15,43
12.825265936184262,80.0411694567191,GST Rd,Sexual assault,12,2022,5,10,53
12.827810451305883,80.04078064492121,Thiruvanchery Rd,Sexual assault,05,2021,10,23,50
12.839723442682724,80.04925287660342,SRM Main Rd,Robbery,03,2021,20,5,46
12.82425079534045,80.05083145691468,Chengalpattu-Thiruporur Rd,Assault,08,2021,4,22,35
12.829537567450238,80.05022557114447,Thiruvanchery Rd,Theft,11,2022,12,19,28
12.825156945953436,80.04944577292636,Thiruvanchery Rd,Assault,11,2021,9,2,28
12.826739350847292,80.04150478327014,Thiruvanchery Rd,Sexual assault,03,2022,6,22,14
12.820893457758162,80.04948013694083,GST Rd,Robbery,10,2020,17,12,41
12.822244665297818,80.0435227205747,Chengalpattu-Thiruporur Rd,Sexual assault,08,2021,16,14,48
12.837675048551514,80.03692761230148,GST Rd,Assault,09,2022,15,0,31
12.838140657348099,80.04952658623276,SRM Main Rd,Assault,03,2020,6,21,24
12.825295884434826,80.0436163618582,SRM Main Rd,Vandalism,07,2020,15,4,26
12.838773538970797,80.0375361293619,Thiruvanchery Rd,Drug-related,06,2020,6,0,30
12.82995425674652,80.0315679958727,Thiruvanchery Rd,Sexual assault,07,2020,28,16,39
12.832040581687323,80.03273973954448,Chengalpattu-Thiruporur Rd,Sexual assault,12,2022,16,14,2
12.830631917260018,80.0419723605932,Chengalpattu-Thiruporur Rd,Robbery,04,2020,28,18,59
12.82308628167526,80.03237522125372,GST Rd,Assault,05,2020,4,2,16
12.835621043036294,80.03503802019345,GST Rd,Drug-related,05,2022,5,0,14
12.840175657513397,80.05101049693651,GST Rd,Assault,09,2021,18,16,7
12.837787822148952,80.04475004282516,SRM Main Rd,Sexual assault,01,2022,22,1,17
12.832040386729988,80.04384800694565,Potheri Main Rd,Vandalism,09,2022,20,22,1
12.837304020358768,80.04717333290904,Chengalpattu-Thiruporur Rd,Vandalism,07,2022,12,18,51
12.82956066625121,80.04670443713738,Chengalpattu-Thiruporur Rd,Theft,04,2020,21,13,42
12.833816969571949,80.04116133184466,SRM Main Rd,Drug-related,04,2020,14,16,25
12.825193226012196,80.04150336083768,Chengalpattu-Thiruporur Rd,Sexual assault,10,2022,7,4,58
12.821286866976815,80.03790753963051,Chengalpattu-Thiruporur Rd,Sexual assault,06,2021,10,20,49
12.827193655124919,80.03985214827392,Chengalpattu-Thiruporur Rd,Drug-related,12,2020,15,2,11
12.835557034356167,80.04617565770427,Thiruvanchery Rd,Drug-related,11,2021,25,5,3
12.820390932613451,80.03452198273992,Potheri Main Rd,Sexual assault,02,2021,13,10,45
12.837722939721878,80.04783857038923,SRM Main Rd,Theft,04,2021,19,11,2
12.825226414062339,80.0319421038412,Potheri Main Rd,Assault,02,2021,5,14,25
12.827901345129114,80.04074590213665,SRM Main Rd,Robbery,11,2021,18,6,57
12.825690293815816,80.04274804156083,Chengalpattu-Thiruporur Rd,Assault,10,2021,16,5,8
12.833228652794048,80.04273300649484,SRM Main Rd,Sexual assault,09,2021,6,17,51
12.836311626658388,80.04187522664887,GST Rd,Theft,05,2020,4,13,31
12.823911621580317,80.03514179217062,Potheri Main Rd,Robbery,06,2021,25,15,29
12.822247744679904,80.03882289593379,Chengalpattu-Thiruporur Rd,Sexual assault,01,2022,10,17,56
12.832324995299862,80.03997884184307,Potheri Main Rd,Drug-related,09,2022,23,13,40
12.835385205156415,80.04351663115219,Thiruvanchery Rd,Theft,10,2020,11,9,45
12.834190319685813,80.0333439236957,SRM Main Rd,Vandalism,10,2020,26,20,2
12.838438178392483,80.04265345200157,SRM Main Rd,Theft,03,2020,21,12,35
12.837789284598776,80.0427418185877,Chengalpattu-Thiruporur Rd,Drug-related,03,2021,10,9,39
12.829801356626366,80.04482391561159,GST Rd,Assault,04,2020,8,1,48
12.829150709732772,80.03443700029244,Potheri Main Rd,Robbery,02,2022,26,2,40
12.839962139745413,80.03196318241285,SRM Main Rd,Sexual assault,10,2022,25,18,56
12.831507283296187,80.0422002188847,GST Rd,Robbery,12,2022,26,14,14
12.83772621825112,80.03749457823021,Potheri Main Rd,Drug-related,08,2020,5,22,53
12.839847192760548,80.05123266231547,Chengalpattu-Thiruporur Rd,Assault,12,2022,19,9,42
12.820878403608843,80.03482503784643,Potheri Main Rd,Assault,07,2022,21,3,37
12.83337540252144,80.04554662748828,SRM Main Rd,Vandalism,01,2021,24,3,39
12.833581288016225,80.03634888982256,SRM Main Rd,Robbery,03,2020,11,19,23
12.826770707346695,80.03622372181276,GST Rd,Drug-related,12,2022,22,4,55
12.831507728990822,80.04534015965085,GST Rd,Robbery,07,2021,9,3,32
12.8283134851948,80.04774634102195,Chengalpattu-Thiruporur Rd,Robbery,07,2021,19,17,31
12.833285408497055,80.04236425308197,GST Rd,Theft,04,2020,19,17,47
12.822684166208338,80.03588513163157,GST Rd,Sexual assault,10,2022,13,13,59
12.833894764968047,80.04331830578798,SRM Main Rd,Drug-related,02,2022,8,19,8
12.823235842931464,80.03609096345511,Chengalpattu-Thiruporur Rd,Drug-related,12,2021,16,1,25
12.837653167750119,80.04368988429283,Chengalpattu-Thiruporur Rd,Drug-related,08,2021,8,12,50
12.831019670711811,80.03677588500199,GST Rd,Theft,04,2020,8,12,28
12.826275369253597,80.03411223616466,Chengalpattu-Thiruporur Rd,Drug-related,07,2022,11,13,41
12.821538704933246,80.04128251999946,Thiruvanchery Rd,Assault,03,2020,25,16,21
12.831405593837218,80.04211647414904,SRM Main Rd,Robbery,04,2022,19,20,30
12.822353422142209,80.0399615489789,SRM Main Rd,Theft,02,2020,17,17,38
12.82983404448718,80.0493885461935,SRM Main Rd,Drug-related,08,2021,26,20,15
12.821757729089143,80.04759072249892,GST Rd,Robbery,02,2021,18,13,59
12.822998331540923,80.04341535787707,Potheri Main Rd,Assault,12,2021,14,22,41
12.83668742981003,80.03408193806885,Thiruvanchery Rd,Vandalism,01,2022,19,6,19
12.820449370420416,80.0319133543175,GST Rd,Robbery,10,2021,15,19,24
12.821363549092634,80.04487753301913,SRM Main Rd,Assault,12,2020,26,17,51
12.840281279958008,80.03956548533338,Chengalpattu-Thiruporur Rd,Theft,11,2021,10,6,9
12.821942481419864,80.04286552019138,SRM Main Rd,Theft,01,2022,17,0,27
12.821205985978015,80.04364790142165,Potheri Main Rd,Sexual assault,09,2020,7,14,41
12.827882031627357,80.04824844087655,Potheri Main Rd,Assault,10,2022,26,23,29
12.831750529977716,80.03425802686849,GST Rd,Sexual assault,02,2021,10,21,40
12.83859402873144,80.04336948638748,Potheri Main Rd,Vandalism,01,2021,7,7,42
12.821040356353972,80.04665425828672,Chengalpattu-Thiruporur Rd,Drug-related,12,2022,1,1,46
12.830163762666004,80.04228088158226,Thiruvanchery Rd,Theft,08,2021,2,8,29
12.83521215008957,80.04401335226402,SRM Main Rd,Robbery,08,2022,9,0,14
12.830823118120035,80.03672977600337,GST Rd,Theft,12,2021,17,22,2
12.833692148720841,80.04782728148083,Potheri Main Rd,Vandalism,01,2020,22,2,44
12.836735814710106,80.04279074168394,Chengalpattu-Thiruporur Rd,Vandalism,12,2020,15,20,33
12.835918606088454,80.04401782178175,Potheri Main Rd,Drug-related,09,2021,5,5,34
12.827138408155344,80.04296141536825,Chengalpattu-Thiruporur Rd,Robbery,05,2021,24,0,20
12.837968815735485,80.04271024721406,Potheri Main Rd,Drug-related,07,2020,4,2,6
12.826032391119359,80.04932384519068,Thiruvanchery Rd,Theft,06,2020,12,20,46
12.832267896470468,80.04036704174855,Potheri Main Rd,Drug-related,03,2020,5,5,29
12.82656949709286,80.04314941687049,Potheri Main Rd,Assault,04,2020,27,1,48
12.836896389871255,80.04244373121377,SRM Main Rd,Drug-related,06,2020,25,14,15
12.834138501407013,80.0459293559592,Potheri Main Rd,Vandalism,02,2022,18,16,36
12.839584735293796,80.04940874962807,GST Rd,Assault,10,2021,8,22,37
12.826426487902882,80.04472346373281,GST Rd,Drug-related,11,2020,8,11,16
12.83942669268389,80.05018096307992,Chengalpattu-Thiruporur Rd,Robbery,06,2021,9,21,32
12.82082311301751,80.03631374802954,SRM Main Rd,Drug-related,06,2020,9,3,41
12.823807894526274,80.04776894312754,Chengalpattu-Thiruporur Rd,Assault,03,2022,23,8,5
12.825522918167767,80.03774034900793,SRM Main Rd,Sexual assault,06,2022,22,16,28
12.829461712084386,80.03609455305397,GST Rd,Robbery,05,2022,1,10,29
12.825818695430945,80.0475969147733,Potheri Main Rd,Drug-related,08,2021,22,17,26
12.82429459708263,80.04502420367513,Chengalpattu-Thiruporur Rd,Vandalism,08,2021,10,10,31
12.824242891913507,80.03331543584744,Chengalpattu-Thiruporur Rd,Assault,10,2022,5,9,38
12.821290944721714,80.04255585017115,GST Rd,Assault,11,2022,24,13,10
12.822878058143377,80.04867521031824,Chengalpattu-Thiruporur Rd,Theft,10,2022,26,0,14
12.839743180489805,80.04507364415096,Chengalpattu-Thiruporur Rd,Assault,01,2020,10,18,54
12.830732816418218,80.03371700577445,Potheri Main Rd,Vandalism,02,2022,6,13,1
12.822375201337577,80.03906923852088,Potheri Main Rd,Robbery,12,2020,11,9,46
12.833767866447825,80.0477090005948,Potheri Main Rd,Theft,12,2021,25,21,39
12.824160093403352,80.0376176851758,Thiruvanchery Rd,Vandalism,05,2020,23,1,6
12.838449415269181,80.03847555422384,SRM Main Rd,Vandalism,06,2022,8,0,30
12.823834555587583,80.04883407565846,Potheri Main Rd,Theft,09,2021,6,4,43
12.83294159468367,80.04384259075852,SRM Main Rd,Vandalism,07,2021,8,2,10
12.840102764015464,80.04391538356441,Thiruvanchery Rd,Theft,10,2021,21,20,14
12.833292159728632,80.04496642369719,Thiruvanchery Rd,Vandalism,02,2020,6,19,12
12.833650184378238,80.04174493008358,Chengalpattu-Thiruporur Rd,Theft,12,2022,5,22,28
12.837641280791015,80.04635686700536,Chengalpattu-Thiruporur Rd,Robbery,02,2021,28,10,38
12.838355564837979,80.04508559213772,Chengalpattu-Thiruporur Rd,Drug-related,12,2020,2,2,57
12.836060539158204,80.04331320800777,Thiruvanchery Rd,Assault,09,2020,24,8,28
12.83213527067524,80.0434362924357,GST Rd,Vandalism,02,2020,25,20,17
12.827628565930477,80.03547616466628,GST Rd,Vandalism,07,2020,7,6,26
12.833396038900908,80.03938506252254,GST Rd,Assault,09,2020,18,8,4
12.839694965094854,80.03234746394178,Chengalpattu-Thiruporur Rd,Vandalism,08,2021,19,12,40
12.826168233141871,80.03220462689691,Thiruvanchery Rd,Vandalism,08,2021,2,5,8
12.829091898552422,80.0403119330311,Potheri Main Rd,Robbery,05,2022,28,10,49
12.836210031313435,80.04754966769994,Potheri Main Rd,Theft,08,2022,16,12,24
12.821188076696547,80.0330234052377,Potheri Main Rd,Assault,08,2020,9,10,13
12.838227321884082,80.0466983496308,SRM Main Rd,Robbery,10,2022,24,0,46
12.828076895119748,80.04966044247311,Thiruvanchery Rd,Drug-related,06,2021,17,18,8
12.821706042691979,80.0435036115347,Chengalpattu-Thiruporur Rd,Sexual assault,01,2020,25,13,59
12.834030573553282,80.04718229201599,Thiruvanchery Rd,Sexual assault,07,2021,10,15,56
12.836141135888136,80.0327366460404,SRM Main Rd,Vandalism,05,2021,6,14,57
12.834426098058685,80.03893995879781,GST Rd,Vandalism,10,2020,26,5,7
12.837654923169936,80.0365268887171,Potheri Main Rd,Drug-related,12,2022,13,12,15
12.840015981570778,80.03902191427676,SRM Main Rd,Drug-related,02,2022,9,10,21
12.826878925464047,80.0473525987664,GST Rd,Robbery,06,2021,2,0,32
12.836962728831807,80.04460287781725,SRM Main Rd,Sexual assault,09,2020,27,23,42
12.825675770987177,80.04017560154628,GST Rd,Drug-related,04,2022,16,5,43
12.821029204930518,80.04077358037522,SRM Main Rd,Vandalism,07,2022,15,14,16
12.822757869912108,80.03469273724771,Chengalpattu-Thiruporur Rd,Sexual assault,03,2020,27,6,53
12.83237670221508,80.03886943183683,Thiruvanchery Rd,Sexual assault,04,2020,27,18,10
12.829096460778871,80.04024867528848,SRM Main Rd,Robbery,01,2020,14,21,43
12.830307615901589,80.03537489069988,Chengalpattu-Thiruporur Rd,Theft,09,2022,4,16,37
12.837147707211415,80.04494685749653,Chengalpattu-Thiruporur Rd,Assault,06,2021,17,1,1
12.832877171849017,80.03556186880714,Potheri Main Rd,Assault,12,2021,23,5,5
12.824175987393797,80.04321322981983,Chengalpattu-Thiruporur Rd,Robbery,02,2021,22,11,7
12.823168307631216,80.0331565015101,Chengalpattu-Thiruporur Rd,Theft,06,2020,20,6,34
12.838031296710321,80.04973290532803,Potheri Main Rd,Vandalism,09,2020,2,22,18
12.820346767172223,80.03378874102386,Thiruvanchery Rd,Drug-related,08,2021,14,20,13
12.820811440090486,80.04804552646767,SRM Main Rd,Vandalism,03,2022,12,22,9
12.835891546331705,80.03620214157975,GST Rd,Drug-related,08,2021,6,11,57
12.829912485562897,80.04398106156665,Thiruvanchery Rd,Sexual assault,06,2021,9,7,45
12.821332949096133,80.03467436553366,Potheri Main Rd,Sexual assault,03,2020,25,21,20
12.831653783248411,80.05120594712113,SRM Main Rd,Sexual assault,09,2021,25,10,58
12.8388522093923,80.03599714481616,Thiruvanchery Rd,Drug-related,10,2021,21,0,59
12.837830832552184,80.04736239141067,Chengalpattu-Thiruporur Rd,Sexual assault,10,2021,20,18,23
12.831981462794593,80.03983904995779,Thiruvanchery Rd,Robbery,11,2020,13,16,57
12.83496317261256,80.05109267147748,SRM Main Rd,Sexual assault,09,2020,5,0,48
12.825375228618023,80.04013602892965,Potheri Main Rd,Robbery,11,2021,20,19,30
12.824926902549324,80.04219154168815,Potheri Main Rd,Theft,10,2020,23,14,1
12.8214050712647,80.04705143430448,Chengalpattu-Thiruporur Rd,Vandalism,05,2020,8,14,2
12.83577526921845,80.04410955013282,Thiruvanchery Rd,Theft,10,2020,15,20,38
12.82592872832769,80.05019086609455,GST Rd,Robbery,01,2020,8,12,50
12.840188296988963,80.03655098322184,Potheri Main Rd,Drug-related,03,2020,18,3,41
12.836340886111456,80.04734703715363,SRM Main Rd,Assault,08,2020,20,23,31
12.835175950492985,80.04345792198149,GST Rd,Robbery,02,2020,10,15,38
12.821982862406967,80.04043869894087,Thiruvanchery Rd,Sexual assault,01,2021,16,14,27
12.838759178223752,80.03161509630831,Thiruvanchery Rd,Sexual assault,02,2022,13,4,26
12.820710787554711,80.04427397825796,SRM Main Rd,Vandalism,01,2020,11,17,27
12.823874433085964,80.04364473561802,Thiruvanchery Rd,Robbery,08,2021,9,3,34
12.839082203823635,80.04994339769652,Potheri Main Rd,Sexual assault,10,2022,16,11,53
12.834440787908045,80.04360487105937,Thiruvanchery Rd,Assault,06,2021,16,0,14
12.83429178980426,80.04354777028155,GST Rd,Drug-related,03,2021,19,8,38
12.824213936101184,80.03695690905406,Potheri Main Rd,Robbery,03,2020,27,12,1
12.836739442428183,80.0443577077774,SRM Main Rd,Drug-related,04,2022,23,4,18
12.832585585899542,80.04628092504495,Thiruvanchery Rd,Vandalism,02,2021,2,8,34
12.830728198692997,80.04649838149638,Thiruvanchery Rd,Drug-related,01,2020,23,3,39
12.829504830238912,80.04578419545507,SRM Main Rd,Robbery,04,2020,12,15,32
12.83223862685685,80.0500734825144,Potheri Main Rd,Theft,04,2020,26,5,58
12.835446025009798,80.04841148533497,Potheri Main Rd,Robbery,08,2022,9,23,29
12.837083319826199,80.03207737958452,SRM Main Rd,Robbery,01,2021,21,18,3
12.83259717595948,80.03443653566337,GST Rd,Robbery,04,2022,2,6,59
12.839436665407407,80.03788058819804,Thiruvanchery Rd,Theft,04,2022,1,16,5
12.836638710264756,80.0373134410481,Chengalpattu-Thiruporur Rd,Robbery,02,2020,26,14,55
12.827610212987322,80.04678302798294,GST Rd,Vandalism,08,2020,26,10,36
12.830101784586745,80.0482054610997,Thiruvanchery Rd,Assault,01,2022,25,9,46
12.839179967820034,80.03447075039423,SRM Main Rd,Robbery,06,2020,8,19,40
12.831121165880763,80.04636842394599,GST Rd,Assault,07,2022,1,7,47
12.831251084166047,80.04632222055054,Potheri Main Rd,Sexual assault,12,2020,17,20,46
12.824438711416622,80.03705718837394,GST Rd,Vandalism,08,2021,21,7,35
12.837531950989215,80.04749660268718,Potheri Main Rd,Theft,12,2020,21,1,58
12.821960112599333,80.03284799043533,Potheri Main Rd,Theft,02,2020,4,11,43
12.836903231463316,80.03202680925887,SRM Main Rd,Drug-related,01,2020,24,12,2
12.837624049181333,80.03439617764941,Chengalpattu-Thiruporur Rd,Assault,01,2021,16,20,42
12.820748098791183,80.03578875926733,Chengalpattu-Thiruporur Rd,Drug-related,05,2021,3,6,36
12.83557339203066,80.04765938901551,GST Rd,Assault,12,2020,7,19,47
12.832562859359475,80.0474227320808,SRM Main Rd,Sexual assault,11,2021,22,15,39
12.824683142179147,80.03501976717463,Chengalpattu-Thiruporur Rd,Assault,03,2021,7,16,36
12.835275100119123,80.04366672131563,GST Rd,Assault,01,2022,26,16,32
12.833803213004185,80.0334159064373,SRM Main Rd,Drug-related,10,2021,22,0,30
12.829870781690213,80.03990100322063,Thiruvanchery Rd,Theft,03,2021,7,20,43
12.833071328509943,80.04523887624008,Chengalpattu-Thiruporur Rd,Vandalism,03,2022,20,0,4
12.83069320187469,80.03803529771477,Chengalpattu-Thiruporur Rd,Robbery,02,2020,18,18,36
12.834326521452775,80.0477820363432,Chengalpattu-Thiruporur Rd,Robbery,09,2020,2,8,59
12.823050226487998,80.03416639217896,Chengalpattu-Thiruporur Rd,Drug-related,02,2021,1,17,2
12.827600159374922,80.04207394762089,SRM Main Rd,Assault,04,2021,18,6,48
12.829011124240186,80.04597454111709,Thiruvanchery Rd,Vandalism,10,2022,22,11,20
12.833030667072125,80.04007912870918,Thiruvanchery Rd,Drug-related,11,2020,10,20,58
12.837105724964447,80.04238366367362,GST Rd,Sexual assault,07,2022,26,10,30
12.83247694604054,80.04993392356054,Potheri Main Rd,Vandalism,01,2020,15,5,0
12.823346331550328,80.03163132463342,Chengalpattu-Thiruporur Rd,Vandalism,10,2022,17,13,17
12.83945853913524,80.0498945752822,SRM Main Rd,Theft,06,2020,12,5,8
12.83321161322359,80.04547956279141,Potheri Main Rd,Vandalism,06,2022,16,18,8
12.828356201528816,80.04882854072224,GST Rd,Assault,05,2021,22,16,49
12.837767914065397,80.0337183435226,Thiruvanchery Rd,Vandalism,10,2020,7,5,56
12.827653346444249,80.04388163082632,SRM Main Rd,Drug-related,06,2022,8,20,9
12.830228267692284,80.04880566445358,SRM Main Rd,Robbery,03,2020,20,1,10
12.837617001624505,80.04283155610263,SRM Main Rd,Robbery,01,2021,11,22,12
12.821576973788579,80.03798139117852,Thiruvanchery Rd,Drug-related,01,2021,7,4,14
12.82932567531882,80.03285029271711,GST Rd,Robbery,11,2022,7,8,51
12.834898423649118,80.05057340963992,GST Rd,Vandalism,09,2021,24,20,10
12.82055877726339,80.03960633056809,SRM Main Rd,Theft,09,2022,14,11,39
12.830341298743214,80.03949864604536,SRM Main Rd,Assault,06,2020,14,9,16
12.84026350639533,80.05098809991406,GST Rd,Vandalism,05,2021,14,21,1
12.828925713603699,80.04189653936271,SRM Main Rd,Theft,03,2020,2,22,5
12.83990626878543,80.04173063933425,Potheri Main Rd,Sexual assault,04,2022,24,15,7
12.8392227812321,80.04729421387023,Thiruvanchery Rd,Assault,05,2020,24,19,36
12.835260403975017,80.03343677320808,GST Rd,Robbery,01,2020,16,18,59
12.830279927777037,80.04927145747709,Potheri Main Rd,Assault,10,2022,27,12,1
12.834684897220484,80.03915665228551,Chengalpattu-Thiruporur Rd,Drug-related,12,2020,2,14,56
12.836472841780113,80.03162075203379,Chengalpattu-Thiruporur Rd,Assault,02,2022,23,23,20
12.834317140789725,80.03179038915665,Chengalpattu-Thiruporur Rd,Assault,12,2022,15,0,45
12.8306706875066,80.04644682281854,GST Rd,Vandalism,02,2021,25,1,58
12.829058528011847,80.04768907790711,Chengalpattu-Thiruporur Rd,Drug-related,06,2020,7,14,34
12.83899008978444,80.0477725128155,Chengalpattu-Thiruporur Rd,Drug-related,04,2020,16,11,29
12.839565648055673,80.04467092333695,Chengalpattu-Thiruporur Rd,Vandalism,04,2021,20,23,0
12.82228585290698,80.0374676269866,Chengalpattu-Thiruporur Rd,Drug-related,03,2022,11,0,8
12.826413579076142,80.04417189007913,Thiruvanchery Rd,Sexual assault,11,2021,20,7,52
12.83374001132125,80.03628730483629,Potheri Main Rd,Assault,11,2020,10,13,45
12.823064941785521,80.04176898040721,SRM Main Rd,Sexual assault,07,2020,26,2,1
12.836842220236363,80.03646286639679,Potheri Main Rd,Drug-related,07,2022,18,13,14
12.825314268440362,80.0420644427685,Potheri Main Rd,Robbery,03,2020,1,14,6
12.825308863851346,80.04358927058944,Chengalpattu-Thiruporur Rd,Vandalism,10,2020,2,17,19
12.835610920217574,80.03995952583925,Chengalpattu-Thiruporur Rd,Vandalism,06,2022,7,0,37
12.837544734969654,80.04672079212241,Potheri Main Rd,Robbery,06,2022,28,16,20
12.835688908154285,80.0360516547102,GST Rd,Theft,11,2022,24,8,53
12.83429669583933,80.0362918704046,GST Rd,Assault,09,2020,19,0,18
12.823378461113004,80.03436759408717,SRM Main Rd,Sexual assault,08,2021,10,22,43
12.8233671068992,80.04115206026722,Chengalpattu-Thiruporur Rd,Vandalism,10,2022,20,6,1
12.836010794240813,80.04346644783564,GST Rd,Robbery,12,2022,12,1,2
12.830226366288391,80.03950244551967,Thiruvanchery Rd,Sexual assault,10,2021,5,14,35
12.825866569251493,80.04138966420606,Thiruvanchery Rd,Drug-related,01,2022,19,17,22
12.831343216165415,80.04503756558195,Thiruvanchery Rd,Vandalism,04,2021,8,1,32
12.824883773210141,80.04146866855183,GST Rd,Sexual assault,03,2021,15,3,28
12.828393364274799,80.04199868078348,Potheri Main Rd,Vandalism,02,2021,19,17,43
12.828850361045262,80.03258100469995,Chengalpattu-Thiruporur Rd,Assault,05,2022,20,3,38
12.83931930514676,80.04882879104707,SRM Main Rd,Robbery,03,2022,24,11,20
12.827884992253294,80.03406383321156,SRM Main Rd,Assault,02,2022,6,11,54
12.829158643078744,80.04088556121191,SRM Main Rd,Theft,02,2020,26,20,12
12.823489643906882,80.03196328868388,Thiruvanchery Rd,Vandalism,01,2022,18,12,55
12.839801992089848,80.03302624191063,Chengalpattu-Thiruporur Rd,Robbery,02,2022,28,19,58
12.821694379841261,80.0328909244652,Chengalpattu-Thiruporur Rd,Theft,05,2021,8,13,52
12.828583498130508,80.04701804639534,GST Rd,Theft,06,2022,7,3,17
12.830102831524496,80.03468958603287,SRM Main Rd,Drug-related,06,2020,19,12,29
12.828429733850463,80.04884488243475,GST Rd,Robbery,12,2022,12,23,51
12.833354041008064,80.039363130107,Thiruvanchery Rd,Vandalism,05,2022,17,15,46
12.821541735937087,80.0434532901769,Thiruvanchery Rd,Sexual assault,01,2020,24,7,48
12.834273205270456,80.03789050030292,Potheri Main Rd,Sexual assault,07,2020,3,18,29
12.835158893050808,80.03520546068184,SRM Main Rd,Vandalism,09,2020,14,15,50
12.836628636594074,80.03451393784279,Thiruvanchery Rd,Sexual assault,05,2022,23,21,0
12.820581807089296,80.0514868307866,Thiruvanchery Rd,Vandalism,10,2022,26,9,3
12.831140017574745,80.04223300071828,Potheri Main Rd,Assault,07,2021,16,11,42
12.8250927380301,80.03659207754474,GST Rd,Drug-related,04,2021,7,15,25
12.83087087208973,80.04866268903781,Potheri Main Rd,Assault,11,2020,25,14,55
12.82687673215022,80.03702917096408,GST Rd,Drug-related,11,2021,7,23,46
12.831857478467898,80.04179010568072,GST Rd,Robbery,01,2022,4,18,23
12.8392872611783,80.04231845942422,SRM Main Rd,Vandalism,07,2020,27,19,11
12.839610564882356,80.04054737957286,Chengalpattu-Thiruporur Rd,Vandalism,12,2020,15,6,33
12.823869996090265,80.04252978708237,Potheri Main Rd,Assault,06,2021,10,16,34
12.83349389601683,80.03622145701092,Thiruvanchery Rd,Drug-related,10,2020,8,12,20
12.826724392029051,80.04312309156289,Thiruvanchery Rd,Assault,03,2020,22,16,46
12.82963726481323,80.03220272783649,Thiruvanchery Rd,Assault,01,2020,14,20,53
12.826183206019644,80.0460374279182,SRM Main Rd,Assault,07,2022,12,23,11
12.83254964560128,80.03902534860225,GST Rd,Sexual assault,02,2020,13,2,54
12.838350279873252,80.03762957708719,Chengalpattu-Thiruporur Rd,Theft,05,2020,16,8,2
12.838469203496855,80.04618427475104,Potheri Main Rd,Vandalism,04,2020,8,19,36
12.838391461163328,80.04361193661344,Potheri Main Rd,Assault,01,2022,26,2,5
12.838243939771987,80.04185337843914,SRM Main Rd,Theft,05,2020,10,17,55
12.825259758524087,80.04006441048286,GST Rd,Drug-related,10,2020,10,2,6
12.83314614455044,80.04191947770829,Potheri Main Rd,Sexual assault,09,2020,8,15,21
12.835878079511541,80.0490572525064,Potheri Main Rd,Theft,02,2020,25,4,19
12.82343201472331,80.0416196357147,Chengalpattu-Thiruporur Rd,Theft,03,2020,20,6,9
12.830056030922288,80.0404511533193,SRM Main Rd,Theft,12,2022,9,16,5
12.820781045769513,80.05075532140641,GST Rd,Robbery,04,2021,16,3,10
12.833108740110454,80.0366305182458,Thiruvanchery Rd,Drug-related,03,2022,6,6,46
12.82737242365725,80.0441473643122,Chengalpattu-Thiruporur Rd,Vandalism,01,2022,12,3,47
12.8293942441458,80.03390470736015,Potheri Main Rd,Sexual assault,11,2021,6,22,13
12.824687973135818,80.04984558492627,Potheri Main Rd,Sexual assault,09,2021,23,22,43
12.834632794115675,80.04556159905331,GST Rd,Assault,12,2021,11,13,4
12.833944545355452,80.04616794672792,Thiruvanchery Rd,Drug-related,12,2022,27,11,37
12.832622503880742,80.04761057043297,Chengalpattu-Thiruporur Rd,Sexual assault,05,2021,13,0,53
12.836315555133835,80.0455235587662,Chengalpattu-Thiruporur Rd,Assault,08,2022,14,16,27
12.829610285414011,80.0419526804417,GST Rd,Sexual assault,02,2021,8,14,16
12.8320102938946,80.04507081515467,SRM Main Rd,Theft,09,2022,6,15,22
12.824289097156676,80.03922991348094,Chengalpattu-Thiruporur Rd,Drug-related,11,2020,16,6,31
12.8257760698948,80.04932452435085,GST Rd,Sexual assault,04,2022,21,22,36
12.821235902583947,80.03283951974053,Potheri Main Rd,Vandalism,05,2021,25,21,57
12.830402166346916,80.03482136569244,Thiruvanchery Rd,Drug-related,08,2021,15,6,34
12.838926466003764,80.03220098183586,GST Rd,Robbery,11,2022,14,22,55
12.839041733740158,80.04813307808375,SRM Main Rd,Theft,08,2020,3,6,49
12.833302094170067,80.04510135757995,Potheri Main Rd,Assault,05,2022,8,17,26
12.836795923324207,80.05046335301708,Thiruvanchery Rd,Assault,05,2022,19,23,1
12.823109726337318,80.0490831361956,Thiruvanchery Rd,Sexual assault,07,2020,22,6,0
12.825304778010311,80.04082242686856,Potheri Main Rd,Sexual assault,09,2021,20,19,42
12.823190053873175,80.04570256543985,Potheri Main Rd,Assault,08,2021,8,10,20
12.82837660127355,80.03811619086274,GST Rd,Robbery,12,2022,27,11,46
12.834374984136387,80.0486692925374,Chengalpattu-Thiruporur Rd,Robbery,10,2020,24,3,2
12.822793754348075,80.04288742577629,SRM Main Rd,Theft,07,2021,20,5,26
12.836143296009203,80.03796433715993,SRM Main Rd,Theft,10,2022,28,2,51
12.83052887896969,80.04097602864977,Chengalpattu-Thiruporur Rd,Vandalism,02,2021,28,19,36
12.834505300652475,80.05147286708659,Chengalpattu-Thiruporur Rd,Vandalism,03,2021,7,5,5
12.836321232742243,80.03890543396459,Potheri Main Rd,Assault,01,2021,10,5,48
12.820657993093729,80.0360962773401,SRM Main Rd,Sexual assault,11,2022,20,0,8
12.824844890186826,80.04697649216534,Potheri Main Rd,Robbery,03,2022,28,13,8
12.822483882235415,80.03160931122298,Thiruvanchery Rd,Vandalism,04,2020,2,21,12
12.825190489819555,80.04515517520692,SRM Main Rd,Assault,08,2021,20,7,16
12.83258490089811,80.04907005870179,SRM Main Rd,Assault,08,2020,28,5,8
12.833870694654653,80.04591540840647,SRM Main Rd,Vandalism,11,2022,16,7,59
12.829730776193685,80.04078443428878,Chengalpattu-Thiruporur Rd,Assault,01,2020,13,14,23
12.833377008972407,80.03476272728413,GST Rd,Robbery,07,2021,14,4,43
12.833026502546899,80.04855461557067,SRM Main Rd,Robbery,04,2021,9,20,0
12.840139045547541,80.03718408814596,Potheri Main Rd,Theft,03,2022,24,23,52
12.835515355775463,80.03334223259503,SRM Main Rd,Robbery,09,2020,11,23,24
12.83686555716215,80.03352171282866,SRM Main Rd,Drug-related,04,2022,10,16,21
12.826887464992565,80.03927244529467,Potheri Main Rd,Drug-related,11,2020,16,1,13
12.823879677831973,80.05133701944239,Thiruvanchery Rd,Vandalism,06,2020,3,18,31
12.823426846569271,80.05116550371532,Chengalpattu-Thiruporur Rd,Robbery,09,2020,17,21,57
12.822500903482029,80.05052237268225,Thiruvanchery Rd,Sexual assault,04,2022,21,3,38
12.828530952772308,80.04003377261941,Potheri Main Rd,Assault,01,2021,20,4,33
12.834565631175849,80.03784119700653,Potheri Main Rd,Vandalism,01,2022,14,5,25
12.82477818633207,80.04757458532012,Thiruvanchery Rd,Sexual assault,09,2020,24,17,14
12.826081941443096,80.03615158124327,SRM Main Rd,Sexual assault,05,2021,28,1,57
12.824642724034447,80.03430641578183,SRM Main Rd,Theft,05,2021,16,0,31
12.821104857472339,80.04354857358913,GST Rd,Drug-related,06,2020,15,6,0
12.826681724372394,80.0328972270596,Thiruvanchery Rd,Vandalism,01,2021,18,19,32
12.820467046209895,80.03409326463918,Thiruvanchery Rd,Theft,10,2021,22,14,33
12.82646208296522,80.03281778969492,Thiruvanchery Rd,Assault,02,2022,15,14,31
12.834278932395542,80.04865829860356,GST Rd,Drug-related,12,2021,12,16,53
12.83288920074218,80.03984828219798,Potheri Main Rd,Assault,10,2021,14,1,9
12.828394272388328,80.04259773719944,Chengalpattu-Thiruporur Rd,Vandalism,09,2021,7,23,10
12.839425891525629,80.04816036823696,Thiruvanchery Rd,Vandalism,08,2022,23,22,12
12.840072302074299,80.04908786217082,Chengalpattu-Thiruporur Rd,Drug-related,09,2021,28,3,29
12.838016796341513,80.04240850963924,SRM Main Rd,Sexual assault,01,2022,9,10,22
12.828580474150433,80.0478361437377,Thiruvanchery Rd,Drug-related,08,2020,21,15,40
12.829521357915437,80.03952742579465,GST Rd,Drug-related,06,2022,23,7,56
12.834768252175266,80.0406815889128,GST Rd,Vandalism,05,2021,16,3,47
12.825988194149163,80.04998013384542,Potheri Main Rd,Drug-related,08,2021,7,1,34
12.824434846804152,80.03778169548711,GST Rd,Assault,08,2020,12,15,59
12.837750764141646,80.03541422188198,Thiruvanchery Rd,Vandalism,02,2022,22,5,37
12.83541200316136,80.0401062390021,GST Rd,Robbery,08,2020,28,19,31
12.831334152902931,80.04956955058992,SRM Main Rd,Theft,09,2020,12,3,22
12.82607144279382,80.03282801364006,GST Rd,Vandalism,03,2021,23,13,18
12.839999187585386,80.04452803673213,GST Rd,Assault,09,2020,14,7,8
12.829788962477434,80.04069880453615,SRM Main Rd,Robbery,09,2021,15,10,38
12.83981035101811,80.04851575531666,Chengalpattu-Thiruporur Rd,Drug-related,11,2022,22,19,1
12.83335867314042,80.03498882711133,Thiruvanchery Rd,Drug-related,05,2022,25,20,15
12.827455550669137,80.04538026596155,Thiruvanchery Rd,Robbery,02,2022,10,11,28
12.825777986924459,80.04086610781911,Potheri Main Rd,Robbery,12,2020,16,8,52
12.836410617403308,80.04881903136045,GST Rd,Drug-related,01,2021,15,10,59
12.82998135891116,80.04563338529675,Potheri Main Rd,Theft,09,2021,20,5,31
12.835378732551012,80.04688858101723,Thiruvanchery Rd,Theft,06,2021,7,17,16
12.83686725804715,80.03158143540811,Thiruvanchery Rd,Drug-related,10,2022,24,8,31
12.825503460743287,80.03252336116982,Potheri Main Rd,Vandalism,07,2020,28,14,53
12.8236213910816,80.04794569273162,SRM Main Rd,Drug-related,10,2020,11,9,8
12.837269716348656,80.04378666340578,Thiruvanchery Rd,Assault,02,2020,28,23,41
12.826602521567539,80.03811009353676,Chengalpattu-Thiruporur Rd,Theft,06,2022,10,13,49
12.836289093443451,80.03242889647082,Potheri Main Rd,Drug-related,06,2022,5,15,45
12.83478057033266,80.03326817212057,SRM Main Rd,Drug-related,07,2021,27,15,11
12.83757577831418,80.03988079252997,Potheri Main Rd,Sexual assault,08,2021,24,9,29
12.831787314382856,80.03742876523306,Chengalpattu-Thiruporur Rd,Theft,06,2022,15,16,2
12.838808720584472,80.03563389726745,Chengalpattu-Thiruporur Rd,Sexual assault,01,2021,28,23,9
12.829736957331702,80.0343574534125,Chengalpattu-Thiruporur Rd,Assault,06,2021,1,3,38
12.835139479928843,80.03595111648227,Potheri Main Rd,Theft,02,2022,25,10,42
12.8226780819261,80.04941240803976,SRM Main Rd,Vandalism,06,2020,18,14,16
12.822903027944397,80.04136395831331,Chengalpattu-Thiruporur Rd,Theft,07,2022,5,1,3
12.829594490544167,80.04261860097269,Potheri Main Rd,Theft,10,2020,9,12,0
12.825149903532363,80.03862832131885,Potheri Main Rd,Sexual assault,12,2021,12,16,38
12.832947950931755,80.03219943394245,Potheri Main Rd,Vandalism,06,2022,11,15,51
12.836872646114188,80.05085943674777,Thiruvanchery Rd,Vandalism,12,2022,10,1,23
12.8277656079677,80.05044237981947,GST Rd,Theft,10,2021,17,21,38
12.830688322838117,80.03380937678158,GST Rd,Theft,06,2021,7,17,5
12.822536591994119,80.03723286833912,Chengalpattu-Thiruporur Rd,Theft,07,2020,14,10,1
12.826981283069468,80.03867926865412,Potheri Main Rd,Drug-related,07,2021,9,12,35
12.825844573074901,80.0512801428778,Thiruvanchery Rd,Vandalism,03,2022,1,2,34
12.835382908060387,80.03851202292287,Thiruvanchery Rd,Robbery,11,2021,3,10,26
12.830148013648072,80.04115953179844,Chengalpattu-Thiruporur Rd,Vandalism,03,2021,14,8,37
12.837372467007864,80.03237766906167,GST Rd,Sexual assault,11,2022,9,17,5
12.820418342245183,80.03466115933585,SRM Main Rd,Theft,11,2021,3,11,3
12.83053402468508,80.04204107413345,Potheri Main Rd,Sexual assault,09,2022,1,18,39
12.836721225926812,80.05139832720435,Chengalpattu-Thiruporur Rd,Vandalism,02,2020,25,16,47
12.829773800855001,80.0416252941518,GST Rd,Robbery,03,2021,6,5,30
12.82219907298954,80.04341573593037,Chengalpattu-Thiruporur Rd,Robbery,10,2021,13,14,10
12.835847773378172,80.04215998173005,Thiruvanchery Rd,Vandalism,02,2022,6,19,30
12.830506356544605,80.0481997102771,Potheri Main Rd,Assault,06,2022,6,12,51
12.834789373974795,80.0442890330603,SRM Main Rd,Assault,01,2022,5,1,14
12.837182329362314,80.04851400055382,SRM Main Rd,Robbery,12,2021,15,1,17
12.82250099165697,80.04922346789897,Potheri Main Rd,Theft,01,2020,18,21,0
12.825158199093321,80.03607701781004,Thiruvanchery Rd,Drug-related,04,2021,22,21,32
12.820792832014886,80.0315867054002,Chengalpattu-Thiruporur Rd,Vandalism,11,2021,23,16,33
12.821574636777488,80.0410261389307,Thiruvanchery Rd,Assault,06,2020,24,2,30
12.822582070236745,80.0320301277928,GST Rd,Drug-related,07,2021,4,11,10
12.837966650635332,80.03280104297916,SRM Main Rd,Assault,05,2021,10,17,32
12.835926434994429,80.03933373213998,GST Rd,Drug-related,08,2021,16,1,32
12.821342147549112,80.05134036290238,Chengalpattu-Thiruporur Rd,Robbery,04,2021,19,5,29
12.825821010376405,80.03728080286352,GST Rd,Sexual assault,05,2021,5,4,36
12.829698366942363,80.04648192414164,SRM Main Rd,Robbery,03,2021,6,17,1
12.831074264942844,80.0377468697704,Potheri Main Rd,Drug-related,02,2022,16,23,7
12.829308809241917,80.04741125112689,Potheri Main Rd,Drug-related,02,2022,26,2,49
12.827901854388745,80.03796621602916,Chengalpattu-Thiruporur Rd,Theft,06,2022,9,6,23
12.83102805497615,80.0508479292837,Chengalpattu-Thiruporur Rd,Assault,09,2020,8,20,5
12.82137314757118,80.03803211303337,Thiruvanchery Rd,Vandalism,01,2021,9,19,30
12.823748264949563,80.04486512159669,SRM Main Rd,Drug-related,04,2021,1,9,49
12.82119732448363,80.04615823393847,Thiruvanchery Rd,Robbery,08,2022,2,19,43
12.832293265074203,80.04416037075639,Chengalpattu-Thiruporur Rd,Vandalism,02,2022,5,12,11
12.826589665234627,80.04691532658691,SRM Main Rd,Drug-related,07,2022,3,11,5
12.83644117118064,80.03597057251216,Thiruvanchery Rd,Sexual assault,07,2022,5,4,20
12.829068283881437,80.04481347728556,SRM Main Rd,Vandalism,12,2022,12,8,13
12.826700798231526,80.03288507360229,SRM Main Rd,Robbery,10,2022,7,22,12
12.835287168602814,80.03832240243092,SRM Main Rd,Theft,04,2021,11,18,6
12.834759840106846,80.03938667469902,SRM Main Rd,Theft,06,2022,21,20,30
12.833199445733182,80.03816313369765,Chengalpattu-Thiruporur Rd,Assault,08,2020,4,23,13
12.824622136675492,80.05004038162177,Thiruvanchery Rd,Drug-related,03,2022,22,4,56
12.831058748065102,80.04800127985524,Potheri Main Rd,Drug-related,07,2022,14,10,8
12.839963530559256,80.0476266497037,SRM Main Rd,Assault,01,2021,15,15,47
12.839605014183968,80.03677388908699,GST Rd,Assault,08,2022,13,15,45
12.840220183523815,80.03393067213715,SRM Main Rd,Robbery,06,2021,7,20,11
12.823118994466718,80.0376977311534,GST Rd,Vandalism,10,2022,21,21,38
12.838028226071982,80.03698675310301,Thiruvanchery Rd,Drug-related,11,2022,1,20,55
12.837964612825363,80.04790457093657,SRM Main Rd,Assault,07,2022,6,0,41
12.83689292458446,80.03287972333547,Chengalpattu-Thiruporur Rd,Robbery,02,2020,14,8,43
12.838125603697872,80.03995582940576,Potheri Main Rd,Drug-related,01,2022,8,6,40
12.822099058748442,80.0390749020143,Chengalpattu-Thiruporur Rd,Theft,09,2020,15,18,36
12.839848712711412,80.04672063389981,SRM Main Rd,Sexual assault,01,2022,14,11,2
12.825856083639232,80.04838168121124,SRM Main Rd,Assault,04,2022,6,20,23
12.822288525352565,80.04178760734555,Thiruvanchery Rd,Vandalism,04,2022,8,22,55
12.822443681621941,80.034875225439,Thiruvanchery Rd,Theft,06,2020,23,0,10
12.826963436238767,80.03623101275706,Chengalpattu-Thiruporur Rd,Vandalism,07,2022,21,17,42
12.83159408097778,80.04093129396567,Potheri Main Rd,Vandalism,12,2022,11,21,0
12.822208827922351,80.04923914758571,GST Rd,Robbery,07,2020,26,17,49
12.824585330657829,80.04676549896189,Thiruvanchery Rd,Robbery,05,2022,23,16,53
12.827944534478734,80.0501184942985,Chengalpattu-Thiruporur Rd,Sexual assault,12,2022,2,9,13
12.821034756127522,80.03341210068945,Potheri Main Rd,Theft,10,2020,15,0,18
12.8219435429127,80.05063424024135,Potheri Main Rd,Assault,08,2022,2,15,20
12.830751265907793,80.03584297117064,SRM Main Rd,Drug-related,01,2022,18,13,19
12.822910652775802,80.05049177596237,Thiruvanchery Rd,Robbery,12,2022,12,14,53
12.83299855757264,80.04387042218794,GST Rd,Sexual assault,12,2022,27,23,23
12.83473092663715,80.0485587993512,SRM Main Rd,Robbery,09,2020,15,15,51
12.832029144107306,80.03454184105755,Chengalpattu-Thiruporur Rd,Drug-related,09,2020,4,9,48
12.834013246235681,80.04392818302681,GST Rd,Drug-related,10,2021,24,13,52
12.82361666024286,80.04777807672491,Potheri Main Rd,Assault,09,2022,6,7,42
12.829636578360653,80.04387996397644,GST Rd,Assault,11,2022,27,6,15
12.82119347966675,80.04216994365781,Potheri Main Rd,Sexual assault,04,2020,27,15,20
12.833598477733277,80.04220656673381,Thiruvanchery Rd,Sexual assault,11,2020,18,6,29
12.827895899201406,80.03738329854643,Potheri Main Rd,Robbery,07,2021,4,12,15
12.828731682151139,80.03368247823805,SRM Main Rd,Drug-related,05,2021,2,20,59
12.831152493435118,80.04845781370241,SRM Main Rd,Vandalism,05,2021,26,0,54
12.830545092068116,80.0449382586481,Chengalpattu-Thiruporur Rd,Theft,04,2022,19,21,6
12.834662453879437,80.03234926882828,GST Rd,Robbery,10,2022,25,11,59
12.832914003153695,80.04381558141755,GST Rd,Vandalism,11,2020,5,4,48
12.833017412776567,80.03650662448656,Potheri Main Rd,Assault,04,2020,13,22,38
12.83351311627181,80.04184091592826,Chengalpattu-Thiruporur Rd,Assault,11,2022,25,19,15
12.8338131131778,80.04256716802995,Thiruvanchery Rd,Assault,12,2020,8,15,2
12.835763855438646,80.03602820530217,Chengalpattu-Thiruporur Rd,Sexual assault,12,2020,5,13,22
12.82843901321109,80.04941179291399,Potheri Main Rd,Vandalism,03,2020,17,8,24
12.83465771837607,80.04297719379024,GST Rd,Sexual assault,05,2022,20,3,46
12.83259923768801,80.03484287423957,SRM Main Rd,Assault,04,2022,1,22,1
12.835209871479845,80.03156642256731,Chengalpattu-Thiruporur Rd,Sexual assault,11,2021,15,20,58
12.82762021921732,80.03395144835923,GST Rd,Drug-related,06,2020,7,14,19
12.820514616218338,80.04567504265668,Potheri Main Rd,Vandalism,04,2022,24,7,11
12.833640508998975,80.04890613280726,SRM Main Rd,Drug-related,09,2020,4,11,24
12.839803094345411,80.03982072697328,GST Rd,Assault,03,2021,10,4,9
12.83296590476083,80.04247415517692,SRM Main Rd,Assault,10,2022,3,10,21
12.840258201003412,80.03329218407625,Chengalpattu-Thiruporur Rd,Vandalism,12,2022,13,10,19
12.83070521750667,80.03244228664573,Thiruvanchery Rd,Theft,12,2022,24,4,29
12.830923341926713,80.04860735562664,GST Rd,Vandalism,10,2020,28,11,4
12.834824012962093,80.0324681609816,Thiruvanchery Rd,Theft,04,2021,6,7,25
12.831176003168643,80.03347393659992,GST Rd,Drug-related,07,2022,8,12,10
12.833361103755047,80.04038090646257,SRM Main Rd,Sexual assault,03,2021,20,19,25
12.833396532210388,80.04277136673015,SRM Main Rd,Vandalism,04,2022,3,9,18
12.82668267517053,80.04823597401503,SRM Main Rd,Drug-related,04,2020,17,2,19
12.835051554092223,80.04915556038881,GST Rd,Drug-related,08,2021,27,21,46
12.830069885506298,80.04428966366807,GST Rd,Vandalism,04,2020,21,13,48
12.833183381036118,80.04687102714588,Thiruvanchery Rd,Assault,04,2021,15,7,55
12.82893643703727,80.04902596949756,Chengalpattu-Thiruporur Rd,Vandalism,08,2022,18,4,12
12.828772731795052,80.04386762030396,Thiruvanchery Rd,Vandalism,06,2021,6,0,27
12.825471746029882,80.03542201806584,GST Rd,Vandalism,05,2020,19,3,54
12.823914698259436,80.03865177709915,SRM Main Rd,Drug-related,07,2022,18,17,25
12.828651825307206,80.04243012122438,Thiruvanchery Rd,Robbery,06,2020,9,9,52
12.826774052481412,80.05042118074975,Thiruvanchery Rd,Vandalism,03,2020,4,0,48
12.837255458031395,80.04766083364485,Chengalpattu-Thiruporur Rd,Robbery,12,2022,16,5,17
12.821839691183724,80.03375523815762,GST Rd,Theft,08,2022,26,20,7
12.836606546199683,80.0478551414005,Thiruvanchery Rd,Vandalism,11,2020,27,1,32
12.833722816139487,80.03356990546408,GST Rd,Drug-related,12,2022,13,15,19
12.830698967653003,80.04576507770011,SRM Main Rd,Assault,05,2022,7,12,3
12.83598404172432,80.04221694917852,SRM Main Rd,Robbery,02,2020,2,15,59
12.821678825832466,80.0505196077489,Thiruvanchery Rd,Theft,11,2021,26,20,53
12.827760935333053,80.03722918034235,GST Rd,Assault,10,2020,6,0,10
12.830530313660782,80.03304218707511,GST Rd,Vandalism,12,2021,27,18,13
12.837717862649404,80.0334370716906,Thiruvanchery Rd,Drug-related,07,2022,28,22,56
12.837957701354867,80.047817614467,Potheri Main Rd,Drug-related,09,2022,9,16,54
12.832409509111606,80.05128866986553,SRM Main Rd,Robbery,08,2021,12,19,22
12.821946657160074,80.03423233037665,SRM Main Rd,Robbery,09,2022,14,1,0
12.822284025926521,80.04297783660891,SRM Main Rd,Sexual assault,04,2020,23,13,51
12.837853938410383,80.03250443966411,Chengalpattu-Thiruporur Rd,Theft,06,2022,12,10,46
12.828124917555366,80.04272589097141,SRM Main Rd,Vandalism,02,2020,20,14,23
12.82196001421201,80.03654542805162,Potheri Main Rd,Assault,06,2022,13,16,30
12.820899749710206,80.0363281072058,GST Rd,Robbery,10,2022,28,9,42
12.825317890317027,80.05066623547775,GST Rd,Theft,01,2020,4,2,10
12.822826398503837,80.03206360152217,Chengalpattu-Thiruporur Rd,Sexual assault,08,2021,22,0,47
12.828437720954556,80.03763066028428,Chengalpattu-Thiruporur Rd,Sexual assault,12,2021,9,5,43
12.82235531988474,80.03449081211603,Thiruvanchery Rd,Theft,09,2021,19,13,25
12.82205128046409,80.05051049882078,SRM Main Rd,Vandalism,01,2020,22,14,30
12.823016933963382,80.0435603155122,SRM Main Rd,Vandalism,04,2021,14,6,47
12.821925637906913,80.03552673948967,SRM Main Rd,Sexual assault,02,2020,20,4,9
12.831508962370172,80.04509630875897,Potheri Main Rd,Sexual assault,10,2021,1,14,57
12.825290557476587,80.04654996300481,Thiruvanchery Rd,Vandalism,03,2022,15,23,25
12.83227722076811,80.04302612879486,Chengalpattu-Thiruporur Rd,Sexual assault,01,2022,7,5,32
12.826533867191635,80.03754866187951,Potheri Main Rd,Drug-related,09,2020,11,20,41
12.821021073247952,80.05107518305432,Thiruvanchery Rd,Sexual assault,04,2022,11,23,44
12.826195024225184,80.03790373948222,Chengalpattu-Thiruporur Rd,Drug-related,11,2020,10,15,37
12.832841459218907,80.046449101859,Thiruvanchery Rd,Assault,01,2021,26,14,28
12.82064859722368,80.0338684563906,Thiruvanchery Rd,Sexual assault,04,2020,12,9,4
12.83731280338643,80.04355871565164,Potheri Main Rd,Robbery,02,2021,23,19,7
12.839166261144157,80.03500779176272,GST Rd,Robbery,08,2020,13,3,27
12.837434587037993,80.04612601916448,SRM Main Rd,Sexual assault,10,2021,9,12,16
12.834400846579294,80.04433801301322,GST Rd,Robbery,06,2020,18,21,50
12.835324759254542,80.05146120158001,SRM Main Rd,Assault,08,2020,12,21,54
12.840079969105567,80.05037097526693,Thiruvanchery Rd,Theft,02,2022,20,2,35
12.834459060245914,80.03711882326743,GST Rd,Theft,09,2020,3,15,2
12.822125743128575,80.04410651923286,GST Rd,Drug-related,12,2022,15,2,16
12.830712727208534,80.0323318681189,Potheri Main Rd,Assault,06,2021,22,11,58
12.827748429910887,80.03304284083481,Chengalpattu-Thiruporur Rd,Drug-related,02,2022,3,10,1
12.833794408982007,80.03699378834604,SRM Main Rd,Sexual assault,05,2022,25,11,45
12.827717437603429,80.04248196287848,SRM Main Rd,Assault,02,2021,20,18,30
12.839927561021524,80.03482066361518,Potheri Main Rd,Theft,07,2020,27,22,21
12.831124699991795,80.04727192625946,Potheri Main Rd,Assault,03,2020,11,18,4
12.84010805945996,80.03564816206041,Thiruvanchery Rd,Vandalism,08,2022,14,22,11
12.827933643793324,80.04340212578752,GST Rd,Assault,11,2022,10,22,35
12.826493060035384,80.03840110205005,Thiruvanchery Rd,Drug-related,05,2021,5,4,11
12.822697760826388,80.0359432195108,Chengalpattu-Thiruporur Rd,Assault,08,2022,22,16,13
12.827048246939635,80.03376169261655,Potheri Main Rd,Assault,01,2022,14,10,36
12.838884950027346,80.04623835869216,GST Rd,Sexual assault,07,2022,10,0,3
12.838244911201224,80.05082987075247,Thiruvanchery Rd,Vandalism,02,2020,19,20,15
12.820647736299074,80.04816274806127,Thiruvanchery Rd,Theft,05,2022,3,23,12
12.829713826469428,80.04067919371022,Thiruvanchery Rd,Sexual assault,03,2021,9,20,23
12.828289600230397,80.03195671359177,SRM Main Rd,Sexual assault,02,2020,13,3,34
12.824173551756466,80.03744448469193,SRM Main Rd,Vandalism,01,2021,25,23,20
12.821586002108882,80.03781162287567,Chengalpattu-Thiruporur Rd,Vandalism,01,2021,4,10,25
12.837063492177725,80.0456005953135,Potheri Main Rd,Drug-related,12,2022,12,21,46
12.831373265306409,80.0378356270395,Potheri Main Rd,Theft,10,2021,13,4,15
12.836746814486158,80.03207955723681,Chengalpattu-Thiruporur Rd,Robbery,11,2022,26,18,46
12.831136251435757,80.04241089400186,Thiruvanchery Rd,Theft,04,2021,4,22,19
12.827131131702998,80.04128755334229,Thiruvanchery Rd,Assault,07,2021,20,17,29
12.83087502521719,80.04452290578057,SRM Main Rd,Vandalism,02,2022,24,22,42
12.823012647436387,80.03354240581112,SRM Main Rd,Sexual assault,12,2022,20,21,58
12.830193209667282,80.04351974587708,SRM Main Rd,Vandalism,01,2022,20,16,45
12.821031790171064,80.03993588233867,Thiruvanchery Rd,Vandalism,11,2022,3,22,49
12.83996130652379,80.03249064692601,SRM Main Rd,Vandalism,07,2022,12,2,51
12.82268398357299,80.05019513637586,Thiruvanchery Rd,Vandalism,01,2020,4,14,10
12.830784402950709,80.03795575738886,Potheri Main Rd,Vandalism,04,2022,6,5,43
12.832109206768783,80.04590243396062,SRM Main Rd,Theft,11,2020,14,21,3
12.822598633685788,80.03828988783408,Thiruvanchery Rd,Vandalism,01,2020,3,21,22
12.821063947206266,80.0335035837345,SRM Main Rd,Vandalism,05,2022,18,7,17
12.826902636537922,80.03942364245665,GST Rd,Sexual assault,03,2021,11,2,50
12.82234014840869,80.04915822180908,Potheri Main Rd,Sexual assault,04,2020,27,0,21
12.830058077594892,80.04526345564736,SRM Main Rd,Robbery,05,2020,26,11,21
12.82093695728155,80.05013227368194,Potheri Main Rd,Sexual assault,03,2020,1,11,12
12.829945925175098,80.0388120598476,SRM Main Rd,Vandalism,04,2021,20,2,18
12.834408585227504,80.04626547762224,Thiruvanchery Rd,Drug-related,10,2022,20,9,50
